date,open,high,low,close,adj_close,volume
10-12-2020,144.7100067,144.7100067,165,141.25,146,70447500
11-12-2020,139.25,139.25,151.5,135.1000061,146.5500031,26980800
14-12-2020,130,130,135.3000031,125.1600037,135,16966100
15-12-2020,124.8000031,124.8000031,127.5999985,121.5,126.6900024,10914400
16-12-2020,137.9900055,137.9900055,142,124.9100037,125.8300018,20409600
17-12-2020,147.0500031,147.0500031,152.4499969,142.6699982,143,15054700
18-12-2020,157.3000031,157.3000031,159,150.3000031,150.4499969,15954200
21-12-2020,163.0200043,163.0200043,172,145.1100006,155.3099976,17788100
22-12-2020,163.1900024,163.1900024,174.9700012,161.0500031,170,9872600
23-12-2020,158.0099945,158.0099945,168.25,155.5,162.8139954,5852500
24-12-2020,154.8399963,154.8399963,162.7899933,154.1119995,159.1600037,3621400
28-12-2020,149,149,163.6399994,147.5200043,158.6000061,6229200
29-12-2020,150,150,151.651001,143.1199951,150,5402300
30-12-2020,148.4299927,148.4299927,152.8130035,145.6000061,151.3399963,3462400
31-12-2020,146.8000031,146.8000031,147.8899994,144.5099945,146.8999939,2795800
04-01-2021,139.1499939,139.1499939,151.0050049,137,150.9900055,6409900
05-01-2021,148.3000031,148.3000031,149,137.25,138.2799988,5974200
06-01-2021,142.7700043,142.7700043,148.3500061,141.1100006,145.75,4213900
07-01-2021,151.2700043,151.2700043,154.4199982,145.2610016,146.3699951,4482800
08-01-2021,149.7700043,149.7700043,155.5399933,147.25,153.4499969,4615600
11-01-2021,148.1300049,148.1300049,150.5,144.0200043,147.9900055,2801900
12-01-2021,160.8000031,160.8000031,163.8800049,143.6100006,148.0800018,8123600
13-01-2021,169.9900055,169.9900055,178.6199951,159.3500061,160.8099976,12529700
14-01-2021,180.5,180.5,187.4199982,174.9750061,175.5399933,9926500
15-01-2021,169.2700043,169.2700043,185.9949951,164.8600006,184.5800018,8575700
19-01-2021,173.6900024,173.6900024,178.6000061,166.6000061,173,4685400
20-01-2021,161.8300018,161.8300018,176.3099976,161,176.0099945,8517400
21-01-2021,180.3999939,180.3999939,183.4700012,155.3300018,164.9900055,17618400
22-01-2021,181.8699951,181.8699951,185.3070068,175.1900024,178.0899963,7136800
25-01-2021,177.5299988,177.5299988,192.4700012,170.0299988,186.0500031,7472900
26-01-2021,192.7400055,192.7400055,193,177.3000031,180,6460900
27-01-2021,201.25,201.25,216,185.5,187.6399994,11019800
28-01-2021,187.3699951,187.3699951,212.8399963,187.0500031,202.6000061,7077700
29-01-2021,183.6300049,183.6300049,193.5,179.3099976,190.7100067,4529800
01-02-2021,180.4400024,180.4400024,188.8200073,179.7400055,187.4799957,3877400
02-02-2021,179.1699982,179.1699982,186.4790039,177.1100006,183.2200012,4413600
03-02-2021,185.7200012,185.7200012,190.8999939,180,181.9799957,4169000
04-02-2021,195.8000031,195.8000031,195.9900055,186.1900024,187.0700073,3631500
05-02-2021,195.3099976,195.3099976,197.25,190.25,197,2869700
08-02-2021,200.4299927,200.4299927,201.9600067,191.5,199.9299927,3488100
09-02-2021,199.8800049,199.8800049,209.2200012,196.1600037,199.2030029,4725800
10-02-2021,211.6600037,211.6600037,214.7160034,202.0970001,205.4799957,5257200
11-02-2021,216.8399963,216.8399963,219.9400024,207,213.5,3595200
12-02-2021,212.6799927,212.6799927,216.9400024,209,214.4579926,3041700
16-02-2021,209.8600006,209.8600006,218.7799988,209.0899963,216.2400055,3487900
17-02-2021,201.9600067,201.9600067,208.7649994,196.0200043,207.0500031,4090600
18-02-2021,198.0399933,198.0399933,200.3600006,192.1699982,199.0099945,2791400
19-02-2021,201.0700073,201.0700073,205.5500031,200.1799927,203.9499969,2605800
22-02-2021,195.3399963,195.3399963,205,193.5,200.6999969,3674200
23-02-2021,187.5899963,187.5899963,191.6699982,175,189,5902400
24-02-2021,200.1999969,200.1999969,208.1450043,189,190.9799957,5983500
25-02-2021,182.0599976,182.0599976,199.8000031,180,197.4100037,11568500
26-02-2021,206.3500061,206.3500061,214.1000061,185.75,194.1799927,19368600
01-03-2021,196.4199982,196.4199982,199.6900024,192.6199951,195.8200073,15798500
02-03-2021,189.8999939,189.8999939,200,188.5,195.6300049,9144900
03-03-2021,180.3999939,180.3999939,188.4799957,178.8000031,186.9700012,10592900
04-03-2021,180.2299957,180.2299957,183.8999939,170.8699951,178.6399994,9993700
05-03-2021,179.8099976,179.8099976,183.5,161.8999939,182.5200043,8788500
08-03-2021,180.8099976,180.8099976,186.3999939,177.0299988,179.9920044,4988500
09-03-2021,183.1100006,183.1100006,189.4600067,180.7200012,184.9900055,6079900
10-03-2021,183.7899933,183.7899933,191,181.5500031,184.5700073,6145600
11-03-2021,197.8699951,197.8699951,201,188.5,189.8999939,6031200
12-03-2021,206.7400055,206.7400055,208.6999969,192.1999969,196.2700043,5556500
15-03-2021,209.9900055,209.9900055,213.7400055,203.8099976,209.5379944,4329400
16-03-2021,200.0099945,200.0099945,215.4900055,198.1799927,209.1100006,4605600
17-03-2021,201.3600006,201.3600006,203.4600067,194.4400024,195.6300049,3781900
18-03-2021,191.4499969,191.4499969,199.8999939,190.6799927,196.8000031,3711500
19-03-2021,194.3899994,194.3899994,196.4900055,187.8099976,193.0099945,4444600
22-03-2021,195,195,203.3000031,194.7100067,196.8500061,3740400
23-03-2021,187.1399994,187.1399994,196.75,185.7400055,195.5,3460600
24-03-2021,178.8500061,178.8500061,189.7799988,178.5099945,189,3756100
25-03-2021,176.1600037,176.1600037,179.5399933,170.5,173.1000061,5264100
26-03-2021,174.3999939,174.3999939,181,168,178.4160004,3562900
29-03-2021,182.5,182.5,185.4600067,173.5,175.3600006,4508800
30-03-2021,183.1000061,183.1000061,185.2299957,178.3800049,182.3500061,2903300
31-03-2021,187.9400024,187.9400024,192.2749939,185.1300049,185.4299927,3079500
01-04-2021,188.2400055,188.2400055,193.9900055,185.3699951,192.5,2921400
05-04-2021,186.6900024,186.6900024,192.1000061,185.8099976,191.6600037,2591400
06-04-2021,190.0299988,190.0299988,194.4799957,187.5200043,188.6999969,3565600
07-04-2021,179.9400024,179.9400024,190.6199951,179.4700012,189.3800049,6663500
08-04-2021,180.1799927,180.1799927,183.8999939,179.3000031,181.647995,2625300
09-04-2021,179.5,179.5,182.4600067,177.25,179.6199951,2910200
12-04-2021,176.4900055,176.4900055,181.4900055,176.25,179.6799927,2619800
13-04-2021,177.9499969,177.9499969,178.6100006,172.1399994,175.2649994,3573600
14-04-2021,176.4299927,176.4299927,181.4669952,175.3099976,179.5,2938600
15-04-2021,175.3500061,175.3500061,178.2400055,174.25,177,2894900
16-04-2021,178.6900024,178.6900024,179.5099945,172.9400024,176.0119934,3058300
19-04-2021,174.5800018,174.5800018,178.7200012,171.5,177.3200073,3125700
20-04-2021,169.5700073,169.5700073,175,165.5200043,173.1840057,4575000
21-04-2021,167.0700073,167.0700073,170.3200073,164.1199951,168.0899963,3878600
22-04-2021,170.7100067,170.7100067,176.9199982,168.4299927,168.4900055,3856500
23-04-2021,174.25,174.25,178.25,172,172.9190063,3329900
26-04-2021,174.8800049,174.8800049,176.0310059,171.0700073,175.2100067,2549400
27-04-2021,177.9400024,177.9400024,179.6100006,174.8000031,176.1649933,2883000
28-04-2021,180,180,181.6699982,173.3509979,174.4369965,2409700
29-04-2021,177.6799927,177.6799927,183.2200012,173.3500061,182.75,3116000
30-04-2021,172.7100067,172.7100067,176.4499969,172.0099945,173.0039978,3580000
03-05-2021,168.1100006,168.1100006,173.4400024,167.8000031,173.1900024,3149700
04-05-2021,168.8999939,168.8999939,169.0399933,161.9600067,167.0149994,4658000
05-05-2021,162.3300018,162.3300018,170.1799927,162.1199951,169.3000031,3590100
06-05-2021,153.6399994,153.6399994,162.1049957,150.6999969,161.9100037,8529000
07-05-2021,151.2100067,151.2100067,157.0540009,148.7799988,156.5,7134000
10-05-2021,146.7299957,146.7299957,150.5,144.5200043,150.2839966,5827200
11-05-2021,142.7299957,142.7299957,144.3500061,136.0099945,139.1000061,8257400
12-05-2021,140.25,140.25,144.7700043,138.75,140.8999939,5307500
13-05-2021,135.75,135.75,142.3289948,131.2799988,142.25,13005400
14-05-2021,141.1999969,141.1999969,142.25,131.6699982,137.6799927,20325400
17-05-2021,132.5,132.5,137.7899933,130.253006,137.1560059,39755000
18-05-2021,135.0200043,135.0200043,138.3999939,131.4900055,134,18555600
19-05-2021,138.1900024,138.1900024,138.3800049,129.7100067,129.9499969,15565500
20-05-2021,136.1999969,136.1999969,138.8899994,135.6499939,138.8390045,8903600
21-05-2021,134.7100067,134.7100067,137.1699982,132.8800049,136.5500031,10056500
24-05-2021,135.9100037,135.9100037,137.9799957,134.3899994,135.5,8543600
25-05-2021,133.9900055,133.9900055,137.8500061,133.5599976,137.3999939,10435800
26-05-2021,134.75,134.75,135.7599945,133.720993,134.9400024,8179200
27-05-2021,143.1699982,143.1699982,143.8200073,134.5,135.0700073,21270200
28-05-2021,140.3999939,140.3999939,145,140.25,144.7599945,12000600
01-06-2021,144.3099976,144.3099976,146.0890045,141.5899963,143.8899994,16552100
02-06-2021,151,151,152.6999969,144.3999939,145.3500061,16245100
03-06-2021,144.1900024,144.1900024,151.1199951,143.8000031,149.5500031,11083300
04-06-2021,150.7299957,150.7299957,151.5700073,145,145.8300018,8534900
07-06-2021,148.9700012,148.9700012,150.9600067,146.3999939,150.9600067,7780200
08-06-2021,147.0099945,147.0099945,150.75,145.8000031,150.6000061,7125800
09-06-2021,144.8500061,144.8500061,149.3600006,144.4600067,148.5700073,5606500
10-06-2021,146.1199951,146.1199951,147.4499969,141.0399933,142.1499939,9482500
11-06-2021,148.4400024,148.4400024,148.9499969,145.1999969,145.8699951,4819900
14-06-2021,149.2100067,149.2100067,149.6000061,146.8500061,149.25,6107500
15-06-2021,151.7799988,151.7799988,153.7400055,148.8399963,149.1999969,12007700
16-06-2021,149.1499939,149.1499939,152.3500061,146.9199982,150.9499969,9632800
17-06-2021,150.6999969,150.6999969,152.2899933,148.6119995,148.9900055,8171300
18-06-2021,152.5200043,152.5200043,154.8000031,149.3999939,150.3800049,11628900
21-06-2021,149.6999969,149.6999969,152.6100006,145.8300018,152.5200043,8040200
22-06-2021,149.6799927,149.6799927,151.6470032,148.3999939,149.75,5790400
23-06-2021,151.5800018,151.5800018,154.5899963,147.8000031,149.7599945,9335700
24-06-2021,150.7299957,150.7299957,153.6269989,149.8600006,152.6699982,8173400
25-06-2021,149.6699982,149.6699982,153.1699982,149.2799988,151.2299957,6452400
28-06-2021,149.9400024,149.9400024,150.9299927,147.0800018,148.6150055,6451000
29-06-2021,146.0800018,146.0800018,149.9400024,145.7700043,149.75,7479000
30-06-2021,153.1399994,153.1399994,154.0899963,144.2449951,145.5449982,9798600
01-07-2021,153.0800018,153.0800018,157.4100037,151.4100037,154.5,9787100
02-07-2021,150.2299957,150.2299957,154.9499969,149.5599976,153.3099976,4826500
06-07-2021,148.3699951,148.3699951,152.8000031,147.8099976,150.0800018,5069400
07-07-2021,143.7200012,143.7200012,148.9400024,143.6000061,148.1499939,5650900
08-07-2021,142.5299988,142.5299988,143.7299957,139.5299988,140.4299927,4827200
09-07-2021,149.6399994,149.6399994,150.2599945,143.3000031,143.3000031,7065100
12-07-2021,146.6900024,146.6900024,150.4199982,146.0099945,148.9900055,3276300
13-07-2021,143.4100037,143.4100037,147.6950073,143,147.6950073,5871500
14-07-2021,139.0899963,139.0899963,144.1999969,139.0399933,143.8600006,8545500
15-07-2021,137.5,137.5,140.5200043,136.5399933,139.1799927,6576100
16-07-2021,134.3099976,134.3099976,139.7899933,133.5099945,139.6900024,6094600
19-07-2021,131.8800049,131.8800049,133.7700043,130.3099976,131.3600006,7215700
20-07-2021,136.0899963,136.0899963,137.4349976,131.6999969,132.75,6274600
21-07-2021,139.25,139.25,140.1499939,135.7250061,136.7100067,5269600
22-07-2021,139.4700012,139.4700012,141.2899933,137.6600037,141.2899933,4628400
23-07-2021,138.7299957,138.7299957,140,137.4100037,139.8000031,2811100
26-07-2021,142,142,142.1900024,137.1999969,139.1300049,6489500
27-07-2021,141.5800018,141.5800018,142.5200043,138.3099976,141.2550049,5113100
28-07-2021,143.3000031,143.3000031,143.7299957,141.0299988,141.3099976,4466800
29-07-2021,143.4700012,143.4700012,145,141.7100067,143.6459961,5005500
30-07-2021,144.0099945,144.0099945,144.6900024,141.7400055,141.75,4167100
02-08-2021,145.4900055,145.4900055,146.2700043,143.3999939,143.8500061,4522400
03-08-2021,145.6499939,145.6499939,147.7899933,143.2799988,147.7279968,5491000
04-08-2021,147.3999939,147.3999939,147.4600067,145.0099945,145.1000061,4631400
05-08-2021,150.3200073,150.3200073,150.4100037,146.3990021,146.6699982,4737500
06-08-2021,149.9900055,149.9900055,150.1900024,147.5500031,148.9900055,4043500
09-08-2021,149.4400024,149.4400024,151,148.6999969,148.7400055,5541900
10-08-2021,147.9499969,147.9499969,150.7599945,147.8500061,149.3650055,5149800
11-08-2021,148.1600037,148.1600037,149.2799988,145.1580048,147.5399933,6717700
12-08-2021,151.1499939,151.1499939,151.6799927,146.5500031,148.8600006,8794100
13-08-2021,152.7599945,152.7599945,152.7599945,144.5099945,146.6600037,16789100
16-08-2021,148.5700073,148.5700073,152.0299988,144.8999939,151.9900055,7715200
17-08-2021,143.8999939,143.8999939,148.1999969,143.5800018,145,7855100
18-08-2021,146.7400055,146.7400055,148.6799927,141.6999969,144.0200043,5190100
19-08-2021,142.6499939,142.6499939,145.2799988,141.9199982,143.7910004,4732400
20-08-2021,143.6999969,143.6999969,143.9490051,141.5,142,2996200
23-08-2021,146.7899933,146.7899933,147.6300049,144.1499939,144.8999939,4727400
24-08-2021,161.4199982,161.4199982,161.9799957,146.5,147,22096800
25-08-2021,160.3500061,160.3500061,163.0590057,158,158.7640076,7267700
26-08-2021,152.7299957,152.7299957,159.5,151.4499969,159.3399963,7243000
27-08-2021,154.1799927,154.1799927,156.4400024,151.4499969,152.2510071,4818800
30-08-2021,156.0200043,156.0200043,157.4900055,151.9199982,154.4100037,3968700
31-08-2021,154.9900055,154.9900055,158.1499939,153.5800018,155.9400024,7404000
01-09-2021,156.5899963,156.5899963,158.6399994,154.2899933,154.8399963,4324700
02-09-2021,157.1999969,157.1999969,159.4600067,156.5,156.5,3301000
03-09-2021,158,158,160.6399994,157.1999969,158.0500031,4456400
07-09-2021,165,165,165.7350006,159.5500031,159.7200012,11008800
08-09-2021,163.9299927,163.9299927,166.5500031,161.6000061,163.2299957,5866500
09-09-2021,166,166,166.9700012,160.8300018,163,5935800
10-09-2021,165.1999969,165.1999969,168.2359924,165.0099945,166.9499969,3985300
13-09-2021,160.3200073,160.3200073,162.9900055,154.7899933,160.25,7520900
14-09-2021,163.3000031,163.3000031,164.6999969,159.4100037,160.6600037,4655500
15-09-2021,166.3699951,166.3699951,166.6300049,160.4900055,162.3200073,5656000
16-09-2021,168.1499939,168.1499939,169.4499969,165.0399933,165.2599945,6094800
17-09-2021,166.5899963,166.5899963,170,163.6100006,169.3000031,20024700
20-09-2021,161.6399994,161.6399994,166.5399933,159.4450073,162.2400055,6846800
21-09-2021,169.2899933,169.2899933,170.0099945,162.9600067,164,8592500
22-09-2021,169.9600067,169.9600067,171.8099976,167.3710022,170.029007,4353600
23-09-2021,175.1300049,175.1300049,176,170.5,171.5500031,5370800
24-09-2021,175.8800049,175.8800049,176.9600067,173.6100006,174.5299988,4084900
27-09-2021,174.2599945,174.2599945,176.3190002,172.0200043,175,3551400
28-09-2021,168.5800018,168.5800018,173.5599976,166.8999939,172.5160065,4362800
29-09-2021,168.0700073,168.0700073,171.220993,166.5500031,170.1000061,2788700
30-09-2021,167.75,167.75,169.5,165.7100067,168.1000061,2662500
01-10-2021,173.0099945,173.0099945,173.1999969,168.5500031,170.3099976,4963000
04-10-2021,164.5,164.5,172.2599945,164.0299988,171.9900055,4459400
05-10-2021,164.7400055,164.7400055,166.5899963,162.4299927,165.6699982,4340100
06-10-2021,167.25,167.25,167.3200073,160.6300049,161.3899994,2461500
07-10-2021,169.6000061,169.6000061,171.2700043,168.6000061,170,2119600
08-10-2021,169.9700012,169.9700012,174.1000061,169.4799957,170.1000061,2265100
11-10-2021,166.6699982,166.6699982,171.5399933,166.6300049,170,2046300
12-10-2021,172.75,172.75,175.8999939,171.2299957,172.6940002,6028100
13-10-2021,173.5800018,173.5800018,175.1900024,171.8000031,173,3521900
14-10-2021,170.5,170.5,176.75,170.0399933,175.2400055,4139400
15-10-2021,169.1799927,169.1799927,172.9499969,168.5800018,171.8999939,3592700
18-10-2021,172.3200073,172.3200073,172.6999969,167.1100006,167.5,2793700
19-10-2021,170.7400055,170.7400055,172.8099976,170.0599976,172.5700073,2776600
20-10-2021,169.7599945,169.7599945,171.9400024,168.1999969,170.0599976,2687000
21-10-2021,170.5,170.5,171.5299988,167.6999969,169.0740051,2889400
22-10-2021,166.6399994,166.6399994,169.4400024,165.1600037,169.3000031,2986000
25-10-2021,169.2400055,169.2400055,170.3289948,166.6499939,166.6900024,2620800
26-10-2021,171.1399994,171.1399994,172,167.8999939,170.3999939,2937900
27-10-2021,169.1000061,169.1000061,172.6499939,168.8800049,170.7400055,3009800
28-10-2021,171.6999969,171.6999969,171.8500061,168.7100067,170.1999969,2143700
29-10-2021,170.6600037,170.6600037,171.3899994,168.848999,171.3899994,2294400
01-11-2021,174.6000061,174.6000061,175.4400024,170.5,170.5,4401100
02-11-2021,172.8699951,172.8699951,175.3000031,170.5800018,174.9499969,3292100
03-11-2021,172.8699951,172.8699951,173.75,170.9299927,171.8899994,2827100
04-11-2021,178.4499969,178.4499969,179.4349976,173.9600067,175.9499969,9664600
05-11-2021,201.6199951,201.6199951,203.2949982,185.9440002,186.1499939,27330500
08-11-2021,200.3200073,200.3200073,211.3359985,199.75,203.3500061,12855300
09-11-2021,194.6799927,194.6799927,201.5,187.5,201.4400024,9056100
10-11-2021,192.2200012,192.2200012,195,189.2799988,190.2299957,6704100
11-11-2021,191.6100006,191.6100006,197.9299927,190.7700043,195.1999969,5899000
12-11-2021,206.5399933,206.5399933,208.1600037,192.0599976,192.4649963,12057800
15-11-2021,207.2100067,207.2100067,209.2400055,204.1600037,206.1999969,7479300
16-11-2021,207.0399933,207.0399933,209.9299927,203.4700012,205.5899963,4431300
17-11-2021,199.1100006,199.1100006,212.5839996,198.3999939,207,6383400
18-11-2021,204.3300018,204.3300018,205,196,199.3399963,4597700
19-11-2021,196.4199982,196.4199982,199.3600006,190.5,196.6000061,8181900
22-11-2021,181.7299957,181.7299957,190.7599945,176.7200012,190.4400024,12619800
23-11-2021,178.2700043,178.2700043,183.7299957,175.25,181.1430054,6451900
24-11-2021,179.8899994,179.8899994,182.7799988,175,175.6300049,4763300
26-11-2021,173.8600006,173.8600006,174.6399994,167.0399933,167.7599945,6044100
29-11-2021,180.0800018,180.0800018,180.6999969,175.8999939,176.8800049,5317400
30-11-2021,172.5399933,172.5399933,180.6399994,170.9210052,176.4049988,10682700
01-12-2021,163.0800018,163.0800018,180.1300049,162.0299988,174.0099945,7645700
02-12-2021,169.6000061,169.6000061,170.2949982,160.4900055,161.3600006,5687600
03-12-2021,166.75,166.75,170.7299957,162.1399994,168.9799957,6460900
06-12-2021,180.8500061,180.8500061,181.9299927,162.8500061,167.2749939,9813800
07-12-2021,183.1399994,183.1399994,187.5,182.0200043,185.6100006,6264600
08-12-2021,186.4900055,186.4900055,187.5,182.1399994,186,4218700
09-12-2021,181.4600067,181.4600067,185.302002,179.2799988,182.0899963,3518000
10-12-2021,180.4199982,180.4199982,181.1000061,175.8540039,178.1499939,3980400
13-12-2021,171.0399933,171.0399933,180,168.8899994,178.25,7263700
14-12-2021,167.9600067,167.9600067,169.9100037,164.5,168.2980042,5660400
15-12-2021,168.1399994,168.1399994,168.9600067,160.1799927,167.6399994,6678500
16-12-2021,156.3800049,156.3800049,167.7299957,153.6000061,166.25,9415100
17-12-2021,157.9100037,157.9100037,158.3099976,149.4400024,154.6199951,24062400
20-12-2021,157.2299957,157.2299957,158.4799957,151,151.1600037,4639300
21-12-2021,165.6600037,165.6600037,167.2749939,158.3699951,159.5,6293500
22-12-2021,169.2899933,169.2899933,170.6799927,162.8000031,165.6799927,4802500
23-12-2021,171.3099976,171.3099976,171.9900055,166.8899994,170.5,4017400
27-12-2021,171.6799927,171.6799927,172.4299927,168.7799988,169.8059998,2725200
28-12-2021,169.7100067,169.7100067,172.7299957,167.7299957,171.3200073,2292600
29-12-2021,167.4400024,167.4400024,170.4799957,165.0200043,169.5200043,1995400
30-12-2021,168.7799988,168.7799988,170.8500061,165.7100067,167.0599976,2181100
31-12-2021,166.4900055,166.4900055,170.8699951,166.0800018,168.7799988,2596000
03-01-2022,172.6799927,172.6799927,172.8399963,165.2200012,165.2969971,4224900
04-01-2022,170.8000031,170.8000031,175.8999939,167.1999969,174.154007,4080000
05-01-2022,162.25,162.25,175.1069946,162.2400055,169.8829956,4804600
06-01-2022,159.75,159.75,163.7299957,156.3399963,160.2899933,5049600
07-01-2022,166.0500031,166.0500031,166.8800049,158.4550018,159.1799927,5624600
10-01-2022,160.7100067,160.7100067,161.6999969,152.1000061,159.7599945,6973600
11-01-2022,168.6100006,168.6100006,169.3899994,159.0780029,160.7100067,5331600
12-01-2022,169.5399933,169.5399933,171.0399933,165.1100006,170.2400055,3534300
13-01-2022,166,166,171.9900055,165.7649994,170.2330017,4893800
14-01-2022,163.9900055,163.9900055,167.6300049,160.2400055,165.75,4144000
18-01-2022,154.6900024,154.6900024,160.7899933,153.8699951,156.9100037,5775400
19-01-2022,154.5800018,154.5800018,160.2299957,154.4400024,157,5127400
20-01-2022,158,158,165.1999969,157.3500061,157.8079987,4941900
21-01-2022,156.7299957,156.7299957,160.1999969,152.4100037,156.8150024,7242300
24-01-2022,147.8999939,147.8999939,151.1600037,135.7599945,150,14606600
25-01-2022,144.5599976,144.5599976,147.3800049,140.1300049,143.8999939,5704900
26-01-2022,142.1399994,142.1399994,152.3999939,140.0410004,149.2850037,6990300
27-01-2022,138.4100037,138.4100037,145.5480042,137.9199982,143.4799957,4493800
28-01-2022,142.7700043,142.7700043,143.1100006,134.3739929,138.5449982,5604400
31-01-2022,153.9700012,153.9700012,153.9700012,143.8099976,144.8029938,5463000
01-02-2022,156.9400024,156.9400024,157.3899994,152.5,155.3500061,3799300
02-02-2022,151.7599945,151.7599945,156.5099945,150.7120056,156.3130035,3678300
03-02-2022,149.5700073,149.5700073,152.1799927,146.6799927,147.9700012,4577100
04-02-2022,155.5599976,155.5599976,157.2400055,150,150.1399994,4687700
07-02-2022,157.9100037,157.9100037,160.8800049,155.9499969,156.7899933,4690700
08-02-2022,162.2599945,162.2599945,163.0789948,153.4400024,154,4309100
09-02-2022,169.5299988,169.5299988,170.0700073,165.0800018,165.3699951,4868300
10-02-2022,171.9499969,171.9499969,177.0599976,165.2449951,165.2449951,8261400
11-02-2022,166.5299988,166.5299988,176.7400055,164.8300018,175.3090057,6464400
14-02-2022,169.6600037,169.6600037,171.8000031,165.0299988,166.6300049,4847600
15-02-2022,180.0700073,180.0700073,180.6320038,172.75,172.9199982,11733900
16-02-2022,186.6399994,186.6399994,191.7299957,178,178.2949982,22252900
17-02-2022,183.6000061,183.6000061,188.9799957,181.5399933,184.8999939,7779200
18-02-2022,174.8999939,174.8999939,182.6600037,173.6199951,180.2599945,8848800
22-02-2022,165.2400055,165.2400055,176.3800049,161.3200073,172.1300049,8392600
23-02-2022,150.0399933,150.0399933,166.6549988,149.8500061,165.9299927,9778500
24-02-2022,158.2599945,158.2599945,158.9600067,141.1799927,141.3000031,10354600
25-02-2022,155.0899963,155.0899963,159.4499969,152.9100037,159.2599945,6173200
28-02-2022,151.4900055,151.4900055,155.095993,148.3000031,155.0249939,11078500
01-03-2022,151.0099945,151.0099945,154.2200012,149.9499969,150.5299988,5165800
02-03-2022,157.5299988,157.5299988,158.0800018,151.8899994,152.4799957,5028300
03-03-2022,151.6900024,151.6900024,159.2200012,150.9900055,158.3300018,4045800
04-03-2022,142.6999969,142.6999969,151.8899994,140.4600067,150.7700043,8390800
07-03-2022,131.5899963,131.5899963,145.2700043,131.5200043,145,9177300
08-03-2022,142.1300049,142.1300049,144.4700012,131.5,131.6300049,9587000
09-03-2022,148.3099976,148.3099976,150.9900055,145.3300018,145.4299927,7023900
10-03-2022,151.8000031,151.8000031,152.8899994,144.4089966,145.2200012,5302500
11-03-2022,145.1399994,145.1399994,155,145,154.1300049,4577300
14-03-2022,138.5,138.5,144.6699982,136.0399933,143.4100037,6330200
15-03-2022,143.9499969,143.9499969,144.7299957,138.3200073,140,5488700
16-03-2022,155.75,155.75,156.9799957,146.3099976,148.1450043,7105400
17-03-2022,157.5500031,157.5500031,157.6000061,151.0500031,153.7899933,5031700
18-03-2022,167,167,167.1799927,155.6999969,156.0700073,8467500
21-03-2022,161.8000031,161.8000031,165.9499969,159,164.5700073,4584400
22-03-2022,166.4400024,166.4400024,168.1750031,162,163.6100006,4099900
23-03-2022,164.1600037,164.1600037,166.8899994,162.8800049,163.6399994,2814300
24-03-2022,170.8300018,170.8300018,171,162.6679993,164.8099976,4223500
25-03-2022,167.2200012,167.2200012,170.6100006,164.1340027,169.9400024,2952300
28-03-2022,167.6499939,167.6499939,168.7189941,162.4299927,167.2200012,3829800
29-03-2022,175.5200043,175.5200043,178.8800049,171.8099976,172.1100006,5452800
30-03-2022,173.6300049,173.6300049,176.8200073,172.0200043,173.1309967,3707400
31-03-2022,171.7599945,171.7599945,176.1499939,171.1640015,173.5399933,3232200
01-04-2022,173.0700073,173.0700073,177.9400024,172.2299957,173.0599976,3644900
04-04-2022,177.0200043,177.0200043,177.0200043,172.5850067,175.0200043,3495700
05-04-2022,171.2100067,171.2100067,179.0899963,170.1199951,177.1900024,4065000
06-04-2022,164.6600037,164.6600037,168.7700043,161.5800018,167.0500031,4287700
07-04-2022,165.9100037,165.9100037,167.8600006,161.7100067,163.1900024,4146600
08-04-2022,162.5599976,162.5599976,164.8999939,159.3500061,162.5200043,3448400
11-04-2022,160.25,160.25,163.5700073,157.4100037,159.8399963,3877200
12-04-2022,160.1100006,160.1100006,166.1100006,157.2799988,163.6999969,4113000
13-04-2022,171.8500061,171.8500061,172.9600067,160.6499939,160.8399963,7211900
14-04-2022,170.6999969,170.6999969,174.6399994,170.2949982,171.6600037,5125100
18-04-2022,165.7400055,165.7400055,170.1199951,164.3500061,169.2700043,3339900
19-04-2022,170.1199951,170.1199951,170.8200073,165.7100067,165.7400055,2857100
20-04-2022,164.5500031,164.5500031,172.6100006,164.3099976,172.6100006,3997900
21-04-2022,157.9100037,157.9100037,170.9299927,156.6799927,168.9799957,4714600
22-04-2022,156.0899963,156.0899963,161.6699982,154.7799988,157.8399963,3863400
25-04-2022,158.3899994,158.3899994,159.7899933,152.1000061,154.3300018,3868100
26-04-2022,153.0399933,153.0399933,159.1999969,152.8000031,158.3999939,4075000
27-04-2022,152.2299957,152.2299957,157.3000031,150.4400024,153.8200073,4826000
28-04-2022,159.7400055,159.7400055,161.2550049,153.6600037,154.0099945,4854500
29-04-2022,153.2100067,153.2100067,163.2400055,153,158.8800049,4033100
02-05-2022,152.7799988,152.7799988,155.1300049,147.2109985,153.2100067,5945300
03-05-2022,145,145,154.4900055,141.5800018,154.0899963,16774700
04-05-2022,156.1799927,156.1799927,158.7400055,145.871994,152.5500031,20598100
05-05-2022,143.0899963,143.0899963,153.8800049,140.8580017,152.1900024,11367200
06-05-2022,135.8399963,135.8399963,143.1100006,133.0399933,142.6999969,9573100
09-05-2022,119.3700027,119.3700027,131.8849945,118.8300018,131.7599945,14430900
10-05-2022,116.1299973,116.1299973,123.4599991,113.5299988,122.9499969,13638500
11-05-2022,116.1500015,116.1500015,123.7699966,112.3669968,114.5299988,13661400
12-05-2022,115.9400024,115.9400024,120.4899979,111.2200012,113.6600037,9264300
13-05-2022,121.4499969,121.4499969,123.2900009,118.8199997,119.9599991,8595400
16-05-2022,114.4400024,114.4400024,121.0699997,113.25,121,7588400
17-05-2022,117.5,117.5,120.1800003,114.5100021,119.9700012,6962900
18-05-2022,108.0299988,108.0299988,117.0400009,107.6200027,116.1100006,9718700
19-05-2022,114.1699982,114.1699982,116.3499985,107.4499969,108.1800003,8926600
20-05-2022,112.5500031,112.5500031,116.25,108.5,115.4599991,6961900
23-05-2022,113.2799988,113.2799988,115.1500015,110.9300003,113.5449982,6000800
24-05-2022,106.2399979,106.2399979,111.4199982,103.7409973,111.2799988,6415800
25-05-2022,110.4000015,110.4000015,111.9400024,104.9700012,105.8899994,6203300
26-05-2022,114.3000031,114.3000031,115.5500031,108.1100006,109.7399979,6883200
27-05-2022,120.5,120.5,120.6999969,115.7699966,116,7391500
31-05-2022,120.8700027,120.8700027,122.2990036,117.1600037,120.5,9117600
01-06-2022,116.7200012,116.7200012,121.0739975,114.3949966,121.0500031,6879600
02-06-2022,121.2600021,121.2600021,123,116.2699966,117.1299973,5166200
03-06-2022,119.8300018,119.8300018,121.5,117.5599976,118.0709991,4584600
06-06-2022,122.0199966,122.0199966,124.1800003,119.9199982,123.3300018,4160200
07-06-2022,122.9000015,122.9000015,123.9120026,119.1200027,119.7600021,3331200
08-06-2022,123.7699966,123.7699966,125.5100021,121.2300034,121.4300003,3775600
09-06-2022,115.7200012,115.7200012,122.9800034,115.4199982,122.3099976,5315900
10-06-2022,108.9100037,108.9100037,115.1299973,108.3199997,111.8000031,6936900
13-06-2022,98.93000031,98.93000031,105.3300018,98.36000061,102.8499985,9587300
14-06-2022,98.87000275,98.87000275,101.3499985,97.2009964,99.54000092,5915300
15-06-2022,101.4700012,101.4700012,103.6500015,98.91999817,100.0199966,6260400
16-06-2022,93.26000214,93.26000214,97.5,92.08999634,96.19000244,9435700
17-06-2022,99.48999786,99.48999786,100.6100006,93.52999878,93.52999878,11293100
21-06-2022,102.2699966,102.2699966,104.8889999,101.6200027,102.6900024,6532700
22-06-2022,99.52999878,99.52999878,102.5,98.72000122,99,8986000
23-06-2022,95.72000122,95.72000122,100.8000031,93.01999664,100,12340800
24-06-2022,103.5100021,103.5100021,104.1800003,96.33000183,97.51999664,28797400
27-06-2022,101.5,101.5,104.1699982,99.33000183,103.9599991,7352100
28-06-2022,97.52999878,97.52999878,105.4499969,97.08999634,103.3399963,7744100
29-06-2022,93.93000031,93.93000031,97,92.05000305,96.83000183,6522600
30-06-2022,89.08000183,89.08000183,92.91000366,86.70999908,92.48999786,9007800
01-07-2022,91.41000366,91.41000366,91.45999908,87.43000031,89.08999634,5995400
05-07-2022,95.94000244,95.94000244,96.01000214,86.75,88.87999725,7648500
06-07-2022,92.87999725,92.87999725,96.16999817,91.80000305,95.29000092,5703000
07-07-2022,97.5,97.5,97.55000305,92.16000366,93.66000366,7480500
08-07-2022,97.34999847,97.34999847,98.12000275,93.24199677,96.23000336,5669500
11-07-2022,95.09999847,95.09999847,97.08999634,93.26999664,96,6041400
12-07-2022,96.55000305,96.55000305,97.68599701,93.31999969,95.30000305,4170200
13-07-2022,95.63999939,95.63999939,96.58899689,91.61000061,93.75,6967800
14-07-2022,91.05000305,91.05000305,94.58000183,90.16999817,94.27999878,8334600
15-07-2022,94.66000366,94.66000366,95.65000153,90.66000366,92.55000305,7497200
18-07-2022,97.66999817,97.66999817,101.8799973,95.98000336,96.77999878,7171500
19-07-2022,102.1999969,102.1999969,102.7099991,98.76000214,99.69999695,5603800
20-07-2022,107.7300034,107.7300034,108.9199982,102.75,103.1100006,6834100
21-07-2022,108.1399994,108.1399994,108.5,104.4100037,106.9800034,4284900
22-07-2022,103.9700012,103.9700012,110.0999985,102.9300003,108.3099976,4243900
25-07-2022,104.9499969,104.9499969,105.2600021,101.4789963,103.7799988,3142900
26-07-2022,101.9100037,101.9100037,103.6299973,101.0999985,102.3799973,4191000
27-07-2022,107.3600006,107.3600006,107.9850006,104.0599976,105.7900009,5362700
28-07-2022,108.8399963,108.8399963,110.0599976,104.6800003,108.1699982,4471900
29-07-2022,110.9800034,110.9800034,111.1600037,107.1100006,108.1949997,4637800
01-08-2022,111.1999969,111.1999969,113.9599991,107.4800034,110,6019500
02-08-2022,116.3399963,116.3399963,117.7799988,111.0999985,111.6699982,15208200
03-08-2022,115.0199966,115.0199966,115.5699997,107.6500015,108.2249985,23354900
04-08-2022,119.2200012,119.2200012,119.2399979,114.2549973,114.3099976,9180300
05-08-2022,117.1100006,117.1100006,118.8700027,114.8199997,115.5199966,6495000
08-08-2022,115.8199997,115.8199997,119.6399994,115.4300003,118.1549988,5382900
09-08-2022,114.4400024,114.4400024,115.6699982,112.8000031,115,4201200
10-08-2022,118.7300034,118.7300034,120.3399963,116.3000031,119.3300018,5529000
11-08-2022,121.5,121.5,127.0899963,120.9599991,121.3000031,8110100
12-08-2022,124.5100021,124.5100021,125,121.1200027,122.8000031,5012500
15-08-2022,126.0400009,126.0400009,126.4349976,123.1999969,123.5500031,4884700
16-08-2022,124.1800003,124.1800003,125.4199982,122.6200027,124.2300034,4370700
17-08-2022,121.8700027,121.8700027,123.2699966,120.6399994,121.6299973,4336200
18-08-2022,121.2699966,121.2699966,122.1999969,120.2799988,121.5,3373900
19-08-2022,114.7600021,114.7600021,119.2200012,114.0999985,118.1849976,5288800
22-08-2022,111.3899994,111.3899994,114.2279968,109.9700012,110.3600006,6057400
23-08-2022,111.5999985,111.5999985,114.0199966,111.4100037,112.4100037,5447200
24-08-2022,114.5100021,114.5100021,115.5699997,110.8399963,110.9300003,3634000
25-08-2022,117.0299988,117.0299988,117.9499969,115.4199982,115.8899994,4021600
26-08-2022,112.8199997,112.8199997,118.2699966,112.7799988,117.0599976,3778700
29-08-2022,113.5400009,113.5400009,115.8000031,111.5299988,111.7699966,4620600
30-08-2022,112.5599976,112.5599976,116.0199966,110.4400024,114.5,4507200
31-08-2022,113.1200027,113.1200027,115.5800018,112.4000015,113.4899979,6191600
01-09-2022,113.4000015,113.4000015,114.0800018,108.1699982,111.0999985,5661500
02-09-2022,113.6399994,113.6399994,116.4599991,112.3300018,114.3199997,4121700
06-09-2022,113.6999969,113.6999969,114.5199966,110.5,114.0899963,4067100
07-09-2022,116.0699997,116.0699997,116.4400024,112.7099991,112.8499985,4619300
08-09-2022,118.5800018,118.5800018,119.3470001,114,114,4064000
09-09-2022,123.4800034,123.4800034,123.7099991,119.9000015,120.0179977,5413300
12-09-2022,124.7900009,124.7900009,127.2399979,123.7850037,124.25,6993300
13-09-2022,121.5400009,121.5400009,123.8600006,119.0500031,119.6999969,7126500
14-09-2022,126.8000031,126.8000031,127,119.5100021,121.6299973,5690100
15-09-2022,125.0400009,125.0400009,129.3800049,124.2799988,125.2900009,6606100
16-09-2022,118.75,118.75,122.2600021,117.5899963,121.1100006,13704400
19-09-2022,118.7799988,118.7799988,119.7799988,116.4700012,116.8700027,4715400
20-09-2022,116.7099991,116.7099991,121.6600037,116.6200027,117.9300003,5610900
21-09-2022,114.0100021,114.0100021,119.3300018,112.3600006,116.3700027,6898700
22-09-2022,103.7200012,103.7200012,113.7200012,103.2600021,112.6699982,8399400
23-09-2022,101.75,101.75,103.1800003,99.70999908,102.1999969,6245600
26-09-2022,103.2300034,103.2300034,105.3600006,101.5599976,101.7799988,5278800
27-09-2022,106.3700027,106.3700027,108.1699982,104.1399994,106.0400009,5081000
28-09-2022,110.6900024,110.6900024,111.1299973,105.7799988,106.7009964,4518200
29-09-2022,106.6600037,106.6600037,109.4749985,105.1699982,109.1900024,4259500
30-09-2022,105.0400009,105.0400009,109.0800018,104.7300034,104.7600021,4750600
03-10-2022,105,105,106.3499985,102.1800003,105.4899979,6208900
04-10-2022,110.8099976,110.8099976,111.6100006,108.6800003,109.1399994,4835000
05-10-2022,111.7600021,111.7600021,112.3399963,107.8399963,110.5199966,4008700
06-10-2022,111.5800018,111.5800018,114.4100037,110.1999969,112,3446500
07-10-2022,108.5400009,108.5400009,109.5319977,107.0999985,108.8700027,3352700
10-10-2022,110.9899979,110.9899979,111.6200027,107.4100037,108.5500031,3945200
11-10-2022,106.8199997,106.8199997,111,103.5950012,110.987999,5696700
12-10-2022,112.3499985,112.3499985,112.9800034,106.1100006,107.4700012,5547500
13-10-2022,112.6500015,112.6500015,113.1299973,105.3000031,107.3000031,6172500
14-10-2022,109.1600037,109.1600037,116.447998,109.0100021,115,5001700
17-10-2022,116.5,116.5,116.7600021,111.0299988,112.3300018,5423900
18-10-2022,117.9400024,117.9400024,120.7099991,115.6999969,120.0299988,5580000
19-10-2022,116.8700027,116.8700027,118.8399963,115.3000031,116.2350006,3408900
20-10-2022,117,117,120.5599976,116,116.3499985,3962200
21-10-2022,119.9499969,119.9499969,120.3399963,114.6399994,116.7600021,4146100
24-10-2022,116.3899994,116.3899994,119.0699997,112.8239975,118.3300018,4452800
25-10-2022,118.4499969,118.4499969,119.3799973,112.6299973,115.3700027,6278900
26-10-2022,115.3099976,115.3099976,119.9100037,114.9700012,117,4263100
27-10-2022,112.0599976,112.0599976,116.3700027,111.9250031,116.0500031,4594000
28-10-2022,115.2099991,115.2099991,115.25,110.3899994,111.1900024,4757300
31-10-2022,106.9100037,106.9100037,113.8000031,106.6699982,113.0599976,10733800
01-11-2022,109.0500031,109.0500031,113.0999985,108,110.9649963,15979800
02-11-2022,94.41000366,94.41000366,104.9800034,94.25,102.6449966,29191400
03-11-2022,92.01999664,92.01999664,95.30999756,91.27200317,94.08000183,10099300
04-11-2022,96.08999634,96.08999634,96.16000366,92.01000214,94.99500275,9717400
07-11-2022,95.45999908,95.45999908,97.25,93.27999878,96.76000214,7972700
08-11-2022,98.90000153,98.90000153,101.9189987,94.26999664,95.52999878,7829400
09-11-2022,95.79000092,95.79000092,99.08999634,95.15000153,97.75,4650900
10-11-2022,102.4000015,102.4000015,102.5,99.04000092,100.9100037,7343000
11-11-2022,109.5699997,109.5699997,109.7699966,102.1600037,103.4499969,6864400
14-11-2022,105.1600037,105.1600037,108.6900024,105.0400009,107.7399979,4951400
15-11-2022,107.0100021,107.0100021,111.2350006,106.5999985,109.2699966,5357400
16-11-2022,104.4300003,104.4300003,107.6999969,104.3799973,107.6999969,3681800
17-11-2022,99.30000305,99.30000305,101.9800034,98.84999847,101.8300018,5181200
18-11-2022,97.76999664,97.76999664,100.8399963,96.59999847,100.8399963,5913100
21-11-2022,95.70999908,95.70999908,97.84999847,93.91999817,97.01000214,5145700
22-11-2022,95.27999878,95.27999878,95.37000275,92.98000336,93.52999878,5951600
23-11-2022,96.62999725,96.62999725,97.05000305,94.33999634,95.55999756,4337600
25-11-2022,97.66999817,97.66999817,98.83000183,96.76000214,96.97000122,2245100
28-11-2022,95.30000305,95.30000305,98.31999969,94.80999756,97,5133900
29-11-2022,95.37999725,95.37999725,97.26000214,95.30000305,96.09999847,3694000
30-11-2022,102.1399994,102.1399994,102.25,95.72000122,95.86000061,8387500
01-12-2022,101.2699966,101.2699966,102.7600021,99.55000305,101.4899979,5040300
02-12-2022,101,101,101.7399979,98.97000122,99.25,4128600
05-12-2022,98.51000214,98.51000214,101.1699982,98.04000092,100,3601500
06-12-2022,93.12000275,93.12000275,98.5,91.90000153,98.25,8380900
07-12-2022,91.5,91.5,91.66999817,86.87999725,88.80500031,12640500
08-12-2022,94.83000183,94.83000183,95.61000061,91.75,92.97000122,6115700
09-12-2022,94.69999695,94.69999695,96.66799927,93.23999786,93.83999634,4405800
12-12-2022,95.58000183,95.58000183,95.95999908,93.48999786,93.76000214,4664100
13-12-2022,93.33999634,93.33999634,100.6500015,93.12000275,100.3700027,7378900
14-12-2022,93.93000031,93.93000031,95.26000214,91.20999908,93.54000092,6737800
15-12-2022,90.61000061,90.61000061,92.70999908,89.51999664,91.51999664,5332000
16-12-2022,89.56999969,89.56999969,91.29000092,88.55999756,89.86000061,6830200
19-12-2022,85.93000031,85.93000031,89.76000214,85.40000153,89.51000214,4717100
20-12-2022,87.62000275,87.62000275,90.86000061,86.51999664,86.70999908,7325800
21-12-2022,87.06999969,87.06999969,88.79000092,86.58999634,87.48999786,5594800
22-12-2022,84.87000275,84.87000275,86.08999634,82.58000183,85.54000092,5643100
23-12-2022,85.25,85.25,85.51000214,83.5,84.69999695,3057700
27-12-2022,83.48999786,83.48999786,84.93000031,82.83000183,84.77999878,3982400
28-12-2022,82.48999786,82.48999786,84.25,81.91000366,83.25,4931700
29-12-2022,85.23000336,85.23000336,85.55999756,82.29000092,82.97000122,4031300
30-12-2022,85.5,85.5,86.05999756,83.59999847,83.61000061,3372500
03-01-2023,84.90000153,84.90000153,88.13999939,84.30000305,87.38500214,3901200
04-01-2023,88.72000122,88.72000122,88.83999634,84.79000092,85.88999939,4817100
05-01-2023,87.70999908,87.70999908,88.5,86.75,88.48000336,3419000
06-01-2023,88.51999664,88.51999664,88.73999786,85.70999908,88.51999664,4348400
09-01-2023,89.23999786,89.23999786,92.05000305,88.87999725,90.25499725,4319400
10-01-2023,88.54000092,88.54000092,89.62000275,86.75,88.86000061,4165600
11-01-2023,94.44000244,94.44000244,94.83000183,88.86399841,89,7718900
12-01-2023,98.48999786,98.48999786,98.94999695,94.01999664,95.30999756,7695200
13-01-2023,100.3700027,100.3700027,100.6999969,97.41999817,97.5,6529000
17-01-2023,101.2699966,101.2699966,102.7350006,99.09999847,99.91500092,5496200
18-01-2023,101.1100006,101.1100006,103.8000031,100.3199997,101.4100037,6062200
19-01-2023,99.09999847,99.09999847,100.5199966,97.56999969,99.83999634,4996700
20-01-2023,101.2799988,101.2799988,101.3700027,98.11100006,99.01000214,5104000
23-01-2023,105.2200012,105.2200012,105.3799973,101.3499985,101.9899979,4442700
24-01-2023,104.1299973,104.1299973,106.3899994,103.8199997,104.6999969,3514700
25-01-2023,104.4400024,104.4400024,104.6750031,99.84100342,100.3600006,5169300
26-01-2023,109.4199982,109.4199982,109.4899979,105.6750031,106.3000031,5196600
27-01-2023,115.9400024,115.9400024,117.1200027,108.7350006,108.8600006,9548500
30-01-2023,109.4800034,109.4800034,115.0800018,109.2750015,114.1299973,5469900
31-01-2023,111.1100006,111.1100006,111.2300034,108.8199997,109.4800034,3867200
01-02-2023,113.9899979,113.9899979,114.8899994,109.8300018,111.1100006,4053600
02-02-2023,118.5199966,118.5199966,119.8499985,116.2399979,116.25,7166900
03-02-2023,118.6999969,118.6999969,121.4000015,115.8499985,116.0400009,6130700
06-02-2023,118.3499985,118.3499985,119.3339996,116.8099976,117.4100037,3204100
07-02-2023,119.6900024,119.6900024,120.2099991,115.1380005,117.9100037,4397700
08-02-2023,116.3600006,116.3600006,119.8099976,115.5699997,119.3899994,3605400
09-02-2023,114.9400024,114.9400024,119.2799988,114.5199966,118,4508700
10-02-2023,108.8700027,108.8700027,113.3600006,106.538002,112.25,6463500
13-02-2023,116.4199982,116.4199982,116.9000015,109.8099976,110,7657200
14-02-2023,120.8700027,120.8700027,121.3199997,115.1999969,116.2900009,17145000
15-02-2023,137.0099945,137.0099945,138.75,129.8500061,130,32481900
16-02-2023,139.4199982,139.4199982,144.6300049,134.7299957,135.6499939,18705800
17-02-2023,131.6000061,131.6000061,138.3999939,130.7299957,137.4349976,11386700
21-02-2023,128.7799988,128.7799988,132.8500061,128.1450043,129.7700043,6618700
22-02-2023,127.2099991,127.2099991,128.8800049,124.5500031,128.1399994,5759000
23-02-2023,125.5199966,125.5199966,128.8500061,121.9199982,128.2100067,7013500
24-02-2023,122.7799988,122.7799988,124.8499985,120.1910019,123.0400009,5119800
27-02-2023,123.5299988,123.5299988,125.0599976,122.7300034,123.9499969,5011400
28-02-2023,123.2799988,123.2799988,126.3840027,123.0299988,125.1100006,7317100
01-03-2023,120.8300018,120.8300018,123.3000031,120.3899994,122.375,4645000
02-03-2023,122.3799973,122.3799973,123.2600021,119.3600006,119.6699982,4087300
03-03-2023,125.7300034,125.7300034,125.8700027,122.6999969,123.1800003,5499400
06-03-2023,126.3300018,126.3300018,129.4400024,125.2799988,126.3550034,5292500
07-03-2023,126.9400024,126.9400024,130.8500061,125.5,125.7399979,5590800
08-03-2023,125,125,127.6600037,124.7399979,126.9000015,3290800
09-03-2023,119.8399963,119.8399963,125.1999969,119.7099991,125.0599976,6147700
10-03-2023,118.3000031,118.3000031,121.4400024,115.8499985,119.7350006,5254800
13-03-2023,115.9599991,115.9599991,117.9000015,113.6600037,115.7220001,5282000
14-03-2023,116.3600006,116.3600006,119.0999985,114.9100037,118.9400024,5416400
15-03-2023,113.5800018,113.5800018,114.3199997,111.5100021,113.8600006,6305100
16-03-2023,119.9899979,119.9899979,120.0599976,113.5100021,113.9499969,7691900
17-03-2023,118.1500015,118.1500015,119.9599991,116.5500031,119.7149963,5513600
20-03-2023,118.4000015,118.4000015,119.0199966,116.625,118.0599976,3997700
21-03-2023,123.6900024,123.6900024,124.4300003,119.8499985,120,5374400
22-03-2023,121.1699982,121.1699982,125.4300003,121,123.8899994,3971100
23-03-2023,120.3000031,120.3000031,124.6600037,118.3300018,122.5100021,4028500
24-03-2023,116.9199982,116.9199982,119.6999969,115.3899994,119.5,4290900
27-03-2023,117.9100037,117.9100037,119.2740021,116.7399979,117.9899979,2819600
28-03-2023,116.6100006,116.6100006,118.3099976,116.0149994,117.9700012,2941000
29-03-2023,118.8000031,118.8000031,119.1900024,117.151001,118.3399963,2711500
30-03-2023,122.2799988,122.2799988,122.6500015,120.1100006,120.8000031,5437900
31-03-2023,124.4000015,124.4000015,125.9400024,122.8000031,123.3000031,5533800
03-04-2023,121.4599991,121.4599991,123.0899963,119.7109985,123,4230600
04-04-2023,118.4599991,118.4599991,122.0599976,118.2099991,121.6800003,3349300
05-04-2023,115.3399963,115.3399963,117.8700027,111.4899979,117.8700027,6737000
06-04-2023,109.6900024,109.6900024,113.4150009,107.6600037,113.3399963,14400100
10-04-2023,112.5999985,112.5999985,112.6299973,108.4000015,108.6900024,5406400
11-04-2023,114.25,114.25,114.8000031,112.5899963,113.5599976,4845400
12-04-2023,112.4199982,112.4199982,115.8399963,111.4000015,114.8000031,6068700
13-04-2023,113.9499969,113.9499969,114.4000015,112.8099976,113.1800003,3878100
14-04-2023,114.6500015,114.6500015,115.1200027,113.0199966,113.8899994,3415200
17-04-2023,116.1699982,116.1699982,116.1800003,114.5899963,115.4199982,3287100
18-04-2023,119.1900024,119.1900024,121.3199997,118.0999985,119.8300018,7162200
19-04-2023,120.0999985,120.0999985,120.3700027,117.6399994,118.1449966,3309700
20-04-2023,118.4000015,118.4000015,119.6999969,117.8199997,118.3700027,4369700
21-04-2023,115.5,115.5,115.75,112.0199966,114.9550018,7357800
24-04-2023,116.1200027,116.1200027,116.4000015,114.5100021,115.5299988,3239500
25-04-2023,112.5049973,112.5049973,115.4300003,112.4700012,115.3099976,3659700
26-04-2023,113.6800003,113.6800003,114.5999985,113.1999969,113.5,3615500
27-04-2023,115.25,115.25,115.8499985,112.2870026,114.4400024,3870500
28-04-2023,119.6699982,119.6699982,120.4700012,113,114.5999985,4974300
01-05-2023,121.4199982,121.4199982,122.6500015,118.9800034,119.2600021,4830600
02-05-2023,120.5800018,120.5800018,121.6999969,117.9400024,120.2399979,4861800
03-05-2023,118.8600006,118.8600006,121.1900024,117.9700012,120.8499985,3687700
04-05-2023,117.6299973,117.6299973,119.1699982,116.1800003,118.9400024,4939900
05-05-2023,119.9000015,119.9000015,120.3000031,116.9300003,120.0100021,6624600
08-05-2023,125.6500015,125.6500015,127.5550003,122.9800034,123.1600037,10142900
09-05-2023,127.0699997,127.0699997,128.9600067,125.0100021,126.5999985,15410300
10-05-2023,113.1900024,113.1900024,115.5100021,109.3700027,109.8499985,34191000
11-05-2023,111.1999969,111.1999969,114.4599991,111.0400009,113.1399994,9579400
12-05-2023,105.2750015,105.2750015,111.5599976,104.2099991,111.3600006,14768500
15-05-2023,105.7799988,105.7799988,106.1500015,103.5500031,105.0599976,5422500
16-05-2023,105.4100037,105.4100037,107.5800018,104.3000031,105.7200012,5585300
17-05-2023,108.3300018,108.3300018,109.9300003,104.9400024,106.0699997,6887400
18-05-2023,111.8700027,111.8700027,112.3399963,108.3399963,108.3399963,6945900
19-05-2023,107.3799973,107.3799973,110.8199997,106.6449966,110.8199997,9203700
22-05-2023,109.9300003,109.9300003,110.7300034,106.1999969,106.2600021,7350600
23-05-2023,106.25,106.25,109.7060013,105.6699982,109,6498200
24-05-2023,105.7099991,105.7099991,106.5899963,103.8199997,105.4599991,5371700
25-05-2023,104.4199982,104.4199982,106.5199966,103.7399979,106.0999985,4834500
26-05-2023,106.8099976,106.8099976,107.6149979,104.9899979,105.1800003,4677600
30-05-2023,107.1900024,107.1900024,108.7890015,106.0199966,107.7249985,5460100
31-05-2023,109.7699966,109.7699966,110.0950012,103.7399979,105.5999985,10263100
01-06-2023,112.1600037,112.1600037,113.5400009,109.1100006,109.8399963,6644100
02-06-2023,118.0599976,118.0599976,118.4499969,112.9300003,112.9300003,10150000
05-06-2023,115.6900024,115.6900024,116.5950012,112.3150024,115.1200027,8324400
06-06-2023,117.3000031,117.3000031,119.0899963,115.4100037,115.9199982,5025700
07-06-2023,116.5500031,116.5500031,120.1600037,115.9199982,118.1399994,4637600
08-06-2023,115.5,115.5,116.3300018,113.5800018,114.9700012,4432700
09-06-2023,117.8600006,117.8600006,122.7399979,117.4499969,120.25,7427200
12-06-2023,124.5899963,124.5899963,125,118.8799973,119.3649979,7876600
13-06-2023,124.9000015,124.9000015,125.7399979,123.2200012,124.6100006,5276800
14-06-2023,125.1399994,125.1399994,126.3860016,122.7649994,125.3899994,5696700
15-06-2023,127.8499985,127.8499985,128.3800049,122.75,122.9599991,5599400
16-06-2023,128.6799927,128.6799927,129.1999969,126.7900009,128.6799927,6894200
20-06-2023,126.4499969,126.4499969,127.6299973,124.3949966,126.3700027,5383600
21-06-2023,127.4599991,127.4599991,129.2599945,125.0899963,125.0899963,4711900
22-06-2023,127.9599991,127.9599991,128.6199951,125.3499985,126.5800018,3935600
23-06-2023,124.7300034,124.7300034,126.8000031,124,125.9899979,5800000
26-06-2023,123.1299973,123.1299973,126.6999969,122.8000031,122.9000015,3645800
27-06-2023,127.8899994,127.8899994,128.1699982,123.3199997,124.4100037,4507700
28-06-2023,127.6299973,127.6299973,131.8800049,126.1699982,127.3899994,6130400
29-06-2023,125.0999985,125.0999985,128,123.4199982,127.6399994,4242000
30-06-2023,128.1600037,128.1600037,131.1399994,127.0199966,127.25,4604600
03-07-2023,132.3500061,132.3500061,134.2700043,129.2299957,129.2799988,5001800
05-07-2023,131.6900024,131.6900024,132.9499969,130.5350037,131.8450012,3429900
06-07-2023,128.1600037,128.1600037,129.322998,126.0599976,129.1699982,3733600
07-07-2023,130.3200073,130.3200073,131.6199951,128.0599976,128.1600037,3149200
10-07-2023,131.7100067,131.7100067,133.3390045,129.6100006,130.1799927,4052000
11-07-2023,137.5399933,137.5399933,138.0899963,128.7700043,129.4499969,10045600
12-07-2023,137.0200043,137.0200043,140.3200073,135.5200043,139.3500061,5583600
13-07-2023,140.0899963,140.0899963,140.6000061,137.3000031,138.9600067,5532300
14-07-2023,143.3399963,143.3399963,143.5700073,139.6900024,140.25,6728500
17-07-2023,145.3600006,145.3600006,147.3999939,142.2899933,142.2899933,5755800
18-07-2023,146.5299988,146.5299988,147.5399933,143.75,144,4122600
19-07-2023,145.5350037,145.5350037,147.6750031,144.1900024,145.75,4968600
20-07-2023,145.2799988,145.2799988,146.2700043,143.5,143.5899963,4246300
21-07-2023,148.7700043,148.7700043,149.9900055,146.9100037,147,11813000
24-07-2023,147.6199951,147.6199951,148.2899933,144.1799927,147.0599976,4370800
25-07-2023,148.6499939,148.6499939,150.7799988,147.4600067,147.6100006,4121300
26-07-2023,150.1699982,150.1699982,150.2700043,147.0899963,147.8300018,4055500
27-07-2023,148.5,148.5,153.1750031,147.5549927,151.8899994,5426000
28-07-2023,153.3300018,153.3300018,154.4900055,150.2100067,150.2299957,4162300
31-07-2023,152.1900024,152.1900024,154.9499969,151.5500031,153.8600006,4457300
01-08-2023,148.9100037,148.9100037,150.4199982,148.0299988,149.6199951,4519600
02-08-2023,144.5599976,144.5599976,147.1150055,143.1900024,146.4499969,7026100
03-08-2023,140.8800049,140.8800049,143.1029968,139.75,140.9400024,11441200
04-08-2023,140.1699982,140.1699982,145.3200073,137.6199951,140.4700012,8623300
07-08-2023,143.1999969,143.1999969,144,138.7899933,142,4079100
08-08-2023,139.5500031,139.5500031,140.5200043,137.0299988,140.5200043,4685800
09-08-2023,137.8699951,137.8699951,140.5500031,137.3300018,140.1399994,3389700
10-08-2023,135.9700012,135.9700012,140.9700012,135.6499939,139.8699951,3437600
11-08-2023,133.6799927,133.6799927,134.2599945,131.6999969,134.1499939,4412700
14-08-2023,133.2400055,133.2400055,133.7899933,131.7400055,133.5599976,3373800
15-08-2023,129.8500061,129.8500061,132.8099976,129.7299957,132.5,3970500
16-08-2023,128.8300018,128.8300018,130.1499939,128.3999939,129,3336900
17-08-2023,127.9899979,127.9899979,129.6000061,127.3710022,129.2200012,3908500
18-08-2023,125.0599976,125.0599976,126.0800018,123.3799973,124.9300003,5963600
21-08-2023,124,124,126.5400009,123.4899979,126.1549988,4876000
22-08-2023,127.0800018,127.0800018,127.2399979,124.0009995,124.25,4945400
23-08-2023,128.1300049,128.1300049,129.1849976,126.4000015,126.9000015,4605400
24-08-2023,124.7200012,124.7200012,128.8399963,124.6399994,128.2299957,2980800
25-08-2023,125.7900009,125.7900009,126.5999985,124.1900024,125.0400009,2415200
28-08-2023,126.1549988,126.1549988,127,124.9499969,127,2348500
29-08-2023,132.25,132.25,132.8800049,126,126.5500031,5622900
30-08-2023,130.6100006,130.6100006,132.4499969,129.3099976,130.4700012,4709900
31-08-2023,131.5500031,131.5500031,132.4400024,129.8099976,130.6000061,3860300
01-09-2023,132.6900024,132.6900024,134.5,131.3300018,133.6999969,4517800
05-09-2023,142.2899933,142.2899933,144.2599945,139.8000031,141.1499939,21052800
06-09-2023,141.7700043,141.7700043,143.2200012,140.2660065,140.7799988,7114400
07-09-2023,143.2700043,143.2700043,144.25,139.0099945,139.25,7928200
08-09-2023,145.8200073,145.8200073,146.8500061,143.1799927,143.9400024,9326600
11-09-2023,147.3300018,147.3300018,148.25,144.8600006,146.2200012,7179000
12-09-2023,147.5,147.5,151.1549988,146.8200073,146.8800049,7342700
13-09-2023,144.7149963,144.7149963,147,143.6049957,146,7893300
14-09-2023,144.1199951,144.1199951,145.7200012,141.6900024,144.6100006,8365500
15-09-2023,142.75,142.75,144.9499969,142.1000061,143.5850067,74788500
18-09-2023,142.5500031,142.5500031,144.3999939,141.1900024,141.9299927,7351400
19-09-2023,141.8500061,141.8500061,142.5700073,139.7700043,141.8600006,6674100
20-09-2023,138.0099945,138.0099945,143.2700043,137.9499969,142.7599945,5189000
21-09-2023,132.75,132.75,135.9799957,132.3899994,135.5549927,8514300
22-09-2023,132.1999969,132.1999969,134.1840057,131.1199951,133.7100067,4278500
25-09-2023,134.1399994,134.1399994,134.25,130.8000031,130.8000031,4154500
26-09-2023,132.2799988,132.2799988,133.9400024,131.1699982,132.7799988,4194000
27-09-2023,134.0299988,134.0299988,134.8999939,131.2200012,133.8000031,3771300
28-09-2023,136.4700012,136.4700012,138.2299957,132.8800049,133.6499939,4058900
29-09-2023,137.2100067,137.2100067,141.0749969,136.3600006,138.0500031,4782100
02-10-2023,136.5599976,136.5599976,138,135.3600006,136.5500031,3489100
03-10-2023,127.7300034,127.7300034,133.4100037,126.4899979,132.1699982,9019700
04-10-2023,127.4100037,127.4100037,130.2200012,127.2949982,128.75,5822000
05-10-2023,124.9899979,124.9899979,126.6200027,121.6699982,126.5400009,7630200
06-10-2023,126.3600006,126.3600006,127.4000015,122.0199966,123,5153700
09-10-2023,127.7699966,127.7699966,127.9199982,121.8099976,124,5092000
10-10-2023,131.5899963,131.5899963,132.7799988,126.9499969,127.6900024,5114700
11-10-2023,130,130,132.6900024,128.5200043,132.1199951,3456500
12-10-2023,125.9700012,125.9700012,130.4100037,124.8199997,130.2899933,4023300
13-10-2023,124.0800018,124.0800018,129.8399963,123.5500031,127.6100006,4926500
16-10-2023,125.1900024,125.1900024,126.7600021,124.185997,125.1900024,2706100
17-10-2023,125.7099991,125.7099991,126.7799988,122.6600037,123.7600021,3073600
18-10-2023,122.1699982,122.1699982,124.3499985,121.7200012,123.0199966,4098400
19-10-2023,119.9700012,119.9700012,123.4800034,119.3300018,122.3899994,4374400
20-10-2023,116.4899979,116.4899979,119.9199982,116.0800018,119.4899979,6195500
23-10-2023,120.3899994,120.3899994,122.5250015,115.5500031,116.4800034,5442500
24-10-2023,122.0100021,122.0100021,123.1699982,120.5699997,121.1800003,3651600
25-10-2023,118.5,118.5,120.75,118.3199997,120.75,4844500
26-10-2023,115.4700012,115.4700012,119.5479965,114.4000015,118.1399994,5217500
27-10-2023,114.0899963,114.0899963,116.7450027,113.2350006,116.2099991,5201600
30-10-2023,116.9499969,116.9499969,118.5899963,115.3499985,117.1500015,5218000
31-10-2023,118.2900009,118.2900009,118.6900024,114.9100037,117.1299973,4647400
01-11-2023,119.4700012,119.4700012,119.8899994,116.6600037,118.25,9336500
02-11-2023,115.5,115.5,122.7399979,114.0999985,122.5100021,14053500
03-11-2023,122.6399994,122.6399994,123.4499969,117.3799973,117.9800034,9020400
06-11-2023,118.1699982,118.1699982,123.9300003,116.8499985,123.2149963,7702000
07-11-2023,121.0800018,121.0800018,122.1800003,118.0999985,118.25,5163900
08-11-2023,117.6600037,117.6600037,121.1999969,116.1790009,119.4300003,7814000
09-11-2023,115.5199966,115.5199966,119.5299988,115.1999969,118.3499985,5519600
10-11-2023,118.1500015,118.1500015,118.5400009,114.1699982,114.5250015,4773500
13-11-2023,119.1500015,119.1500015,119.8600006,117.401001,117.5100021,3408800
14-11-2023,126.6800003,126.6800003,127.1200027,121.5100021,122.3550034,8405200
15-11-2023,128.3500061,128.3500061,131.6199951,127.060997,128,6851400
16-11-2023,126.2799988,126.2799988,128.3999939,125.3099976,127.1200027,4177300
17-11-2023,127.1500015,127.1500015,127.9700012,125.4499969,126.6500015,3795700
20-11-2023,129.6999969,129.6999969,130.9499969,127.0100021,127.4000015,4634600
21-11-2023,126.8199997,126.8199997,128.0500031,124.9300003,128,4587100
22-11-2023,129.0399933,129.0399933,130.5800018,127.7099991,127.75,3973900
24-11-2023,128.3699951,128.3699951,129.5899963,127.7799988,129.0500031,2058900
27-11-2023,129,129,129.5599976,125.8499985,127.5,4408400
28-11-2023,127.5599976,127.5599976,129.5399933,125.8499985,128.7899933,4024400
29-11-2023,126.4800034,126.4800034,129.5829926,126.0599976,127,4615400
30-11-2023,126.3399963,126.3399963,128.1300049,125.0849991,127,5956300
01-12-2023,135.0200043,135.0200043,135.4199982,125.4000015,125.5,7424800
04-12-2023,133.6999969,133.6999969,136.75,132.7200012,134,5263400
05-12-2023,133.7100067,133.7100067,135.7050018,132.6600037,132.6799927,4202200
06-12-2023,135.3099976,135.3099976,138.4799957,135.1399994,135.5899963,4932000
07-12-2023,139.8399963,139.8399963,141.1600037,135.4299927,135.5099945,7108600
08-12-2023,140.6799927,140.6799927,141.5399933,137.8000031,138.1900024,4411200
11-12-2023,142.9100037,142.9100037,144.5,140.8500061,141.3600006,4560500
12-12-2023,140.5500031,140.5500031,141.0599976,137.5800018,137.8999939,6823200
13-12-2023,144.5099945,144.5099945,144.9400024,140.3399963,142.9499969,6673900
14-12-2023,147.2599945,147.2599945,149.9199982,144.9799957,145,9568600
15-12-2023,146.6000061,146.6000061,148.7299957,145.8600006,147.2599945,8239000
18-12-2023,147.5,147.5,148.4600067,146.1199951,147.1600037,4175200
19-12-2023,146.9100037,146.9100037,148.6100006,146.6799927,147.5,5090400
20-12-2023,141.0700073,141.0700073,146.5,140.6499939,146.5,5718000
21-12-2023,142.0899963,142.0899963,143.4900055,140.3099976,142.3699951,3318500
22-12-2023,140.8000031,140.8000031,142.5099945,139.7299957,141.8800049,2937400
26-12-2023,138.7200012,138.7200012,141,137.7700043,141,4384800
27-12-2023,136.5500031,136.5500031,139.1349945,136.0500031,139.1349945,3989600
28-12-2023,137,137,137.1900024,135.6950073,136.5500031,2770800
29-12-2023,136.1399994,136.1399994,137.8699951,135.4299927,136.7100067,3076100
02-01-2024,134.4799957,134.4799957,135.6000061,133.3399963,134.4299927,3485200
03-01-2024,133.4199982,133.4199982,134.5399933,130.8200073,132.7100067,4266600
04-01-2024,133.7200012,133.7200012,137.0339966,132.5,132.8600006,4056900
05-01-2024,135.9799957,135.9799957,136.6499939,133.8950043,134.25,4006600
08-01-2024,140.0800018,140.0800018,140.25,136.6100006,137.3099976,4179700
09-01-2024,139.5299988,139.5299988,139.5399933,137.7899933,138.5200043,3560900
10-01-2024,139.7599945,139.7599945,140.8249969,138.6999969,139.1999969,2492700
11-01-2024,139.4499969,139.4499969,141.1999969,137.5500031,140.7100067,2383500
12-01-2024,137.1399994,137.1399994,140.9900055,137.1300049,139.3500061,2482000
16-01-2024,135.0200043,135.0200043,136,133.6699982,135.8999939,5514800
17-01-2024,134.9799957,134.9799957,135.0899963,131.1000061,132.8399963,3039700
18-01-2024,137.0399933,137.0399933,139.5350037,135.2250061,137,5273000
19-01-2024,139.9299927,139.9299927,140.2850037,136.3200073,138.6000061,4089100
22-01-2024,142.0099945,142.0099945,144.0500031,140.8999939,141.1549988,4482900
23-01-2024,142.3000031,142.3000031,143.9299927,140.5200043,142.75,3882100
24-01-2024,141.1900024,141.1900024,144.1000061,139.5800018,143.8099976,4857200
25-01-2024,142.1100006,142.1100006,143.2899933,140.3679962,143.1999969,3677500
26-01-2024,149.6199951,149.6199951,151.5299988,141.4900055,142.1100006,11342600
29-01-2024,152.6999969,152.6999969,153.3800049,148.5399933,150,5316300
30-01-2024,149.4400024,149.4400024,151.0299988,148.6799927,150.5399933,3884000
31-01-2024,144.1399994,144.1399994,148.7400055,143.9199982,148.6450043,4126600
01-02-2024,146.4900055,146.4900055,146.8500061,143.6499939,144.8000031,3416700
02-02-2024,146.5500031,146.5500031,148.0800018,141.2400055,143.9900055,4252800
05-02-2024,144.7799988,144.7799988,146.3999939,142.6799927,146.0899963,3010900
06-02-2024,144.5299988,144.5299988,145.1300049,142.9519958,145.1000061,3697600
07-02-2024,147.5500031,147.5500031,148.7700043,143.8600006,145.1199951,4214100
08-02-2024,150.5399933,150.5399933,150.6699982,148.0599976,149.25,3508300
09-02-2024,147.5950012,147.5950012,148.6799927,145.1799927,145.8399963,5006800
12-02-2024,153.8000031,153.8000031,157.3450012,148.3399963,148.6799927,7909500
13-02-2024,150.8200073,150.8200073,153.0200043,148.5800018,149.2100067,11801700
14-02-2024,148.1999969,148.1999969,149.5299988,142.5700073,146.1600037,16021800
15-02-2024,157.6900024,157.6900024,158.2700043,148.75,148.9100037,11923000
16-02-2024,152.5099945,152.5099945,156.1000061,151.7799988,156.1000061,6520100
20-02-2024,148.1499939,148.1499939,150.6799927,145.8800049,150.3099976,5229700
21-02-2024,149.2400055,149.2400055,149.2599945,145.3959961,145.9799957,4561400
22-02-2024,155.2599945,155.2599945,155.6999969,150.2649994,151.0200043,6115000
23-02-2024,152.6600037,152.6600037,155.3000031,150.8249969,153.2700043,4851100
26-02-2024,149.2700043,149.2700043,150.1799927,148.5599976,149.9600067,5277900
27-02-2024,152.0599976,152.0599976,152.4700012,149.2299957,150,4623700
28-02-2024,153.4299927,153.4299927,154.8999939,151.7899933,152.0299988,4329100
29-02-2024,157.4700012,157.4700012,160,153.2200012,153.3999939,8002300
01-03-2024,159.7200012,159.7200012,160.9799957,156.8110046,157.2299957,5367300
04-03-2024,158.0899963,158.0899963,163.0149994,157.9299927,159.8999939,4403200
05-03-2024,159.3300018,159.3300018,159.9799957,156.1399994,157.1999969,4714300
06-03-2024,163.8699951,163.8699951,164.5899963,160.0700073,160.1000061,5167900
07-03-2024,163.5399933,163.5399933,165.3849945,162.2400055,165,3810300
08-03-2024,164.9100037,164.9100037,168.1900024,163.4799957,166,4105700
11-03-2024,162.9900055,162.9900055,164.2599945,161.9750061,163.7599945,3149600
12-03-2024,166.6699982,166.6699982,167,162.7299957,163,3945900
13-03-2024,164.7599945,164.7599945,168,160.6900024,162.4199982,7502800
14-03-2024,166.4400024,166.4400024,166.7200012,162.7200012,165.7400055,5078100
15-03-2024,160.6399994,160.6399994,166.522995,160.1600037,166.3899994,7153800
18-03-2024,161.8600006,161.8600006,162.8699951,160.6000061,161.9450073,4296900
19-03-2024,161.7899933,161.7899933,164.1000061,161.0549927,161.4900055,3420700
20-03-2024,164.7100067,164.7100067,165.75,162.2649994,162.3899994,4766300
21-03-2024,168.1799927,168.1799927,170.1000061,165,165.8099976,5986500
22-03-2024,167.8600006,167.8600006,168.8000031,166.6399994,167,2837000
25-03-2024,167.9900055,167.9900055,169.0800018,166.2799988,167.8600006,3216100
26-03-2024,167.3899994,167.3899994,170,167.3200073,169.6900024,2747700
27-03-2024,166.4100037,166.4100037,169.1100006,165.5,169.1100006,3921900
28-03-2024,164.9600067,164.9600067,167.3800049,164.5899963,166.5700073,3416000
01-04-2024,163.3699951,163.3699951,166.7200012,162.75,166.4299927,2496300
02-04-2024,160.1100006,160.1100006,160.9799957,158.6799927,160.9499969,4000900
03-04-2024,159.3399963,159.3399963,161.3300018,158.5800018,158.75,2288100
04-04-2024,158.8399963,158.8399963,163.6499939,158.5200043,161.2200012,3539700
05-04-2024,161.7700043,161.7700043,162.7100067,158.8999939,159.1499939,2225900
08-04-2024,160.2700043,160.2700043,161.1799927,159.2899933,160.3600006,2299000
09-04-2024,162.6600037,162.6600037,163.2050018,159.9100037,161.5500031,2290200
10-04-2024,160.2799988,160.2799988,160.9600067,158.6300049,159.6300049,2478600
11-04-2024,165.4199982,165.4199982,166.2200012,158.8999939,159,3580300
12-04-2024,159.3699951,159.3699951,162.7120056,158.7799988,162.4199982,3700500
15-04-2024,155.6000061,155.6000061,162.8999939,154.4100037,161.8099976,3723300
16-04-2024,156.6600037,156.6600037,158.9400024,155.3000031,155.8300018,2728600
17-04-2024,158.3699951,158.3699951,159.6999969,156.4100037,158.4499969,3905000
18-04-2024,160.1000061,160.1000061,162.9400024,159.2100067,159.6000061,3930400
19-04-2024,155.0099945,155.0099945,160.3350067,154.5599976,159.5399933,3904800
22-04-2024,156.6100006,156.6100006,157.25,153.7649994,156.1900024,3030000
23-04-2024,160.9499969,160.9499969,161.1399994,156.6999969,157.2400055,3455400
24-04-2024,162.8399963,162.8399963,166.7449951,161.0899963,164.4750061,3854500
25-04-2024,163.0099945,163.0099945,163.7299957,159.5,161.5099945,2401800
26-04-2024,164.2299957,164.2299957,165.1600037,162.7700043,163.6799927,2821100
29-04-2024,162.25,162.25,165.5,161.2799988,164.75,2312600
30-04-2024,158.5700073,158.5700073,162.0899963,158.5200043,160.5599976,3017900
01-05-2024,156.1600037,156.1600037,160.9499969,156,157.5800018,2752100
02-05-2024,158.3300018,158.3300018,158.3999939,153.1999969,157.2100067,4778400
03-05-2024,159.7100067,159.7100067,165.5,159.1499939,161.8099976,4529900
06-05-2024,162,162,162.4100037,160.1699982,161,2912200
07-05-2024,159.8099976,159.8099976,162.8800049,159.75,161.8099976,2916200
08-05-2024,157.8999939,157.8999939,158.6199951,155.8399963,157.1000061,8236500
09-05-2024,147.0500031,147.0500031,150.0050049,145.5700073,146.6000061,14802600
10-05-2024,146.3200073,146.3200073,148.1199951,144.6300049,147.75,5524800
13-05-2024,149.1300049,149.1300049,149.2400055,145.6999969,147.0500031,5647500
14-05-2024,146.6999969,146.6999969,149.3999939,146.3099976,149.3999939,4167400
15-05-2024,145.8000031,145.8000031,147.6900024,144.75,147.5700073,5996000
16-05-2024,147.1900024,147.1900024,147.7899933,145.8500061,146.3399963,3827800
17-05-2024,145.6600037,145.6600037,147.4949951,145.3049927,146.8099976,3279000
20-05-2024,146.3699951,146.3699951,146.4799957,145.2100067,146.1799927,3747400
21-05-2024,144.1000061,144.1000061,145.7100067,144.0899963,145.7100067,4485000
22-05-2024,142.7100067,142.7100067,144.2100067,142.3600006,143.9400024,3190800
23-05-2024,141.0399933,141.0399933,143.4400024,140.8200073,142.5800018,3900900
24-05-2024,144.4700012,144.4700012,145.9700012,142.3000031,142.5,4497800
28-05-2024,147.0099945,147.0099945,147.8699951,145.1100006,146,5741600
29-05-2024,146.6100006,146.6100006,147.1300049,144.7339935,144.8800049,2570900
30-05-2024,145.5200043,145.5200043,147.5899963,144.4100037,145.3999939,3575000
31-05-2024,144.9299927,144.9299927,146.4299927,142.5700073,145.7799988,3778600
03-06-2024,146.25,146.25,146.9600067,144.3600006,145.7400055,3843400
04-06-2024,147.0800018,147.0800018,147.9199982,145.4400024,145.8200073,3048500
05-06-2024,145.7799988,145.7799988,148.6999969,145.1410065,147.9799957,3121500
06-06-2024,147,147,148.7899933,145.1549988,145.5099945,3463100
07-06-2024,146.6600037,146.6600037,147.0299988,145.3800049,146.1999969,2595600
10-06-2024,148.0700073,148.0700073,148.3200073,146,146.0099945,3078000
11-06-2024,147.75,147.75,148.7949982,146.4799957,147.9700012,3285800
12-06-2024,149.3200073,149.3200073,150.2899933,148.6210022,149.9900055,3579800
13-06-2024,146.1000061,146.1000061,149,143.7299957,148.9900055,4450400
14-06-2024,145.9700012,145.9700012,146.0500031,144.2799988,145.5,2754600
17-06-2024,149.5,149.5,150.1199951,146.7749939,147,5158800
18-06-2024,147.2899933,147.2899933,150.548996,146.8999939,149.8999939,3316700
20-06-2024,147.8800049,147.8800049,149.75,147.6000061,147.7700043,2874200
21-06-2024,149.5700073,149.5700073,150,147.25,148.7599945,7645500
24-06-2024,148.3899994,148.3899994,150.0399933,146.7100067,149.1499939,4530900
25-06-2024,150.9100037,150.9100037,151.2749939,148.8500061,148.9700012,4994600
26-06-2024,150,150,150.3849945,149.3699951,149.7299957,3797900
27-06-2024,151.6100006,151.6100006,151.8800049,149.3899994,150.4600067,3588600
28-06-2024,151.6300049,151.6300049,152.9299927,150.6799927,151.5399933,3842500
01-07-2024,151.6300049,151.6300049,152.1999969,149.1399994,152.1999969,2905000
02-07-2024,154.3399963,154.3399963,155.2100067,151.2899933,151.2899933,3526100
03-07-2024,152.7299957,152.7299957,154.4299927,152.3000031,153.9100037,1725600
05-07-2024,152.5,152.5,152.8800049,151.4400024,152.3999939,3836100
08-07-2024,151.9600067,151.9600067,154.1999969,150.7550049,152.6499939,3228300
09-07-2024,152.4499969,152.4499969,155.6600037,151.9649963,152.9199982,4328800
10-07-2024,151.8399963,151.8399963,153.1999969,150.0899963,153.1100006,3263500
11-07-2024,146,146,152,144.1300049,150.5500031,6289500
12-07-2024,146.7799988,146.7799988,148,146.1900024,146.8300018,2923500
15-07-2024,147.2200012,147.2200012,148.4700012,144.75,145.8800049,3546100
16-07-2024,151.2599945,151.2599945,151.6399994,147.8800049,148.4700012,4079300
17-07-2024,148,148,150.1000061,147.2599945,149.2400055,3242300
18-07-2024,146.8800049,146.8800049,150.1450043,146.75,148.1699982,3593700
19-07-2024,147.9900055,147.9900055,149.1600037,147.0299988,147.0299988,3131600
22-07-2024,150.1799927,150.1799927,150.3699951,146.5500031,148.1399994,3672100
23-07-2024,148.75,148.75,151.25,147.8300018,150.5599976,2676900
24-07-2024,144.2299957,144.2299957,147.1100006,142.9799957,146.7299957,5461900
25-07-2024,140.0299988,140.0299988,141.9450073,137.5800018,141.25,5626500
26-07-2024,140.1000061,140.1000061,141.9100037,139.0299988,141.8999939,5101400
29-07-2024,140.2899933,140.2899933,142.4299927,140,141.2400055,2723200
30-07-2024,138.9900055,138.9900055,140.9900055,137.8999939,140.6499939,2996200
31-07-2024,139.5599976,139.5599976,141.2200012,139.1000061,140.7899933,3331400
01-08-2024,135.0899963,135.0899963,139.7799988,132.8999939,139.6999969,5166900
02-08-2024,128.2299957,128.2299957,129.6000061,126.5,129.3099976,7745500
05-08-2024,125.3099976,125.3099976,125.9499969,122.0599976,123.7699966,7521900
06-08-2024,130.4700012,130.4700012,131.4499969,126.3000031,126.9049988,11148400
07-08-2024,113.0100021,113.0100021,115.5500031,110.3799973,112.4400024,29027900
08-08-2024,114.6399994,114.6399994,116.4300003,112.4199982,113.9800034,8006200
09-08-2024,115.0800018,115.0800018,116.2600021,112.5999985,114.4649963,4764400
12-08-2024,113.6200027,113.6200027,115.5,113.2699966,115.4800034,3981000
13-08-2024,116.9000015,116.9000015,117.7699966,114.0500031,114.3899994,4662000
14-08-2024,116.2399979,116.2399979,118.7399979,116.1800003,117.7200012,3504800
15-08-2024,118.8799973,118.8799973,119.1330032,116.3700027,118.1949997,5266300
16-08-2024,116.3099976,116.3099976,118.8000031,116.2200012,117.9000015,4592000
19-08-2024,119.1399994,119.1399994,119.3000031,116.4400024,116.9300003,4184700
20-08-2024,117.3799973,117.3799973,119.2799988,117.1750031,118.9400024,3940000
21-08-2024,117.6800003,117.6800003,118.2699966,116.6999969,118.0400009,5028500
22-08-2024,115.4499969,115.4499969,118.3949966,115.3000031,117.6800003,4875500
23-08-2024,116.8499985,116.8499985,118.6999969,116.3700027,116.6399994,4998400
26-08-2024,115.7099991,115.7099991,117.3899994,115.3499985,116.8499985,4948200
27-08-2024,116.7399979,116.7399979,117.4199982,115.1699982,115.3000031,3457400
28-08-2024,117.5299988,117.5299988,117.7300034,115.7600021,116,3463700
29-08-2024,116.5999985,116.5999985,119.3799973,116.4199982,118.1699982,3331000
30-08-2024,117.3099976,117.3099976,118.0500031,116.2900009,116.9400024,3279300
03-09-2024,114.9800034,114.9800034,117.8349991,114.1299973,116.3949966,4678800
04-09-2024,115.2099991,115.2099991,115.9899979,114.1900024,114.2699966,3281600
05-09-2024,116.1600037,116.1600037,116.4499969,114.5999985,114.6399994,3593400
06-09-2024,114.2799988,114.2799988,117.2600021,113.2399979,116.3700027,4072400
09-09-2024,116.3600006,116.3600006,117.9199982,114.9850006,115.1100006,4178600
10-09-2024,115.1200027,115.1200027,117.4059982,112.8600006,117.0100021,4080400
11-09-2024,115.9599991,115.9599991,116.1699982,112.5500031,115.0899963,3645000
12-09-2024,117.3600006,117.3600006,117.3799973,115.0500031,116.3300018,3075300
13-09-2024,117.75,117.75,119.2099991,117.1500015,117.75,3514200
16-09-2024,117.5500031,117.5500031,118.3000031,116.1600037,117.9899979,3229900
17-09-2024,122.1200027,122.1200027,124.7399979,119.4850006,119.8700027,6323600
18-09-2024,122.4199982,122.4199982,125.6600037,122,122.3199997,3861300
19-09-2024,128.75,128.75,131.3500061,127.4400024,127.9300003,7691600
20-09-2024,131.1799927,131.1799927,131.9499969,129.0299988,129.8300018,12476300
23-09-2024,129.0299988,129.0299988,131.6399994,128.8999939,131.5,3682600
24-09-2024,131.4799957,131.4799957,131.6699982,129.5899963,130.5800018,4189100
25-09-2024,130.7100067,130.7100067,131.8999939,130.3000031,131.3099976,2310700
26-09-2024,129.25,129.25,133.3399963,129.1459961,132.7059937,3825900
27-09-2024,128.25,128.25,130.3099976,128.1699982,130.1600037,2525700
30-09-2024,126.8099976,126.8099976,128.2299957,125.9199982,127.3199997,3808800
01-10-2024,125.4700012,125.4700012,128.1999969,123.7099991,127.3499985,3895500
02-10-2024,126.1800003,126.1800003,126.4400024,124.5500031,125.3300018,2707700
03-10-2024,125.2900009,125.2900009,125.5550003,123.5800018,124.5999985,2247000
04-10-2024,129.8500061,129.8500061,129.9299927,127.2699966,128.4199982,2986600
07-10-2024,130.2299957,130.2299957,131.3099976,128.7700043,129.0850067,2847800
08-10-2024,132.5,132.5,134.4299927,130.1499939,130.1499939,3304400
09-10-2024,135.4900055,135.4900055,135.7599945,132.8399963,133.3999939,3731800
10-10-2024,132.8099976,132.8099976,136.3699951,132.5200043,135.5500031,3060000
11-10-2024,134.3999939,134.3999939,135.3549957,132.3000031,132.3000031,2714700
14-10-2024,134.7899933,134.7899933,134.9799957,133.4199982,133.9700012,2314000
15-10-2024,133.2700043,133.2700043,134,132.3000031,133.5099945,3502700
16-10-2024,135.1499939,135.1499939,137.3950043,134.3200073,134.7299957,3691500
17-10-2024,136.0200043,136.0200043,136.6499939,135.1100006,135.6999969,3814000
18-10-2024,136.4499969,136.4499969,136.8899994,135.1600037,136.8099976,2391100
21-10-2024,137.1900024,137.1900024,137.9900055,135.1300049,135.6600037,2900500
22-10-2024,135.5899963,135.5899963,136.3500061,135.3320007,136.1100006,2408400
23-10-2024,131.9199982,131.9199982,136.1999969,131.2700043,135,3444600
24-10-2024,132.75,132.75,133.75,131.6600037,133.5500031,2677700
25-10-2024,134.5800018,134.5800018,135.2799988,133.1699982,133.3800049,2552100
28-10-2024,135.7799988,135.7799988,137.3000031,135.3999939,136.3000031,3260400
29-10-2024,137.7799988,137.7799988,138.3500061,135.2440033,135.3300018,2871900
30-10-2024,136.5,136.5,138.6600037,136.3099976,136.4700012,3010500
31-10-2024,134.7899933,134.7899933,138.0599976,134.2599945,137.6999969,5049100
01-11-2024,136.4600067,136.4600067,136.8800049,133.8049927,133.9600067,3707600
04-11-2024,136.8699951,136.8699951,137.5500031,135.4499969,136.2299957,2459700
05-11-2024,137.8200073,137.8200073,140.8699951,137.0700073,137.5500031,4989200
06-11-2024,140.9100037,140.9100037,142.9499969,139.4100037,141.9799957,5110900
07-11-2024,147.3699951,147.3699951,148.6399994,141.6999969,141.7599945,11988900
08-11-2024,134.6100006,134.6100006,137.7100067,132.7599945,134.6699982,19189000
11-11-2024,137.3999939,137.3999939,139.1600037,135.1199951,136,6535100
12-11-2024,133.1999969,133.1999969,136.1199951,133.1300049,135.6499939,6903500
13-11-2024,132.7599945,132.7599945,135.1300049,131.3309937,133.8300018,4922600
14-11-2024,134.5599976,134.5599976,136.6600037,133.1499939,133.9700012,4777600
15-11-2024,132.5,132.5,134.5299988,131.3099976,134.1999969,4798700
18-11-2024,132.1900024,132.1900024,133.4499969,131.5800018,132.5599976,4507400
19-11-2024,131.4400024,131.4400024,131.9600067,129.8699951,131.1499939,5172400
20-11-2024,135.25,135.25,135.3800049,130.2200012,130.2200012,5537400
21-11-2024,133.2599945,133.2599945,134.9499969,132.5800018,134.1799927,4061100
22-11-2024,137.3399963,137.3399963,140.7599945,133.3000031,133.3000031,6301100
25-11-2024,140.9299927,140.9299927,141,137.75,138.0099945,7930500
26-11-2024,139.6699982,139.6699982,141.75,139.1799927,140.7799988,3228200
27-11-2024,138.2799988,138.2799988,140.4100037,137.6799927,139.6699982,2657000
29-11-2024,136.1100006,136.1100006,139.5299988,135.8329926,138.5299988,2664200
02-12-2024,137.4900055,137.4900055,137.6000061,135.6900024,136.0099945,3608700
03-12-2024,137.4600067,137.4600067,138.3699951,135.3760071,136.9700012,4681000
04-12-2024,139.0700073,139.0700073,139.1499939,134.8500061,136.5500031,3893400
05-12-2024,136.3200073,136.3200073,140.3800049,135.5099945,138.8399963,6174900
06-12-2024,136.9199982,136.9199982,138.8600006,136.5599976,137.75,4295800
09-12-2024,137.2700043,137.2700043,138.9700012,136.5899963,137,3648700
10-12-2024,138.3000031,138.3000031,139.8899994,136.6199951,137.1900024,4777800
11-12-2024,138.8399963,138.8399963,140.1699982,137.2100067,138.6799927,4096100
12-12-2024,137.4700012,137.4700012,139.1000061,134.3999939,138.1000061,4254100
13-12-2024,130.9499969,130.9499969,137.0189972,130.75,136.6499939,5288500
16-12-2024,132.1999969,132.1999969,133.2799988,129.1699982,131.2200012,4136300
17-12-2024,132.2400055,132.2400055,132.6100006,130.8800049,132.1999969,3125800
18-12-2024,127.5400009,127.5400009,133.7100067,127.2300034,132.0249939,4236700
19-12-2024,129.3500061,129.3500061,131.0800018,127.9100037,129.1300049,4744000
20-12-2024,134.2100067,134.2100067,135.8200073,128.3399963,128.6300049,15471700
23-12-2024,134.5200043,134.5200043,135.5800018,132.2100067,134.8099976,4728300
24-12-2024,134.9900055,134.9900055,135.0700073,132.8300018,134.3300018,1677100
26-12-2024,135.3200073,135.3200073,136.2700043,134.2400055,134.2400055,2067000
27-12-2024,133.3849945,133.3849945,134.5,132.1600037,133.5899963,2650100
30-12-2024,131.8099976,131.8099976,132.6100006,129.8500061,131.3099976,2458800
31-12-2024,131.4100037,131.4100037,133.1900024,131.2700043,132.4600067,2312300
02-01-2025,131.4799957,131.4799957,134.2299957,130.4100037,131.8699951,2605800
03-01-2025,135.7100067,135.7100067,136.3600006,131.9400024,131.9799957,3606900
06-01-2025,135.1999969,135.1999969,138.1000061,134.5800018,137,4174500
07-01-2025,131.2899933,131.2899933,136.7649994,130.8099976,135.3500061,4290500
08-01-2025,130.8000031,130.8000031,131.6300049,130.1000061,131.1999969,3204700
10-01-2025,129.6300049,129.6300049,133.0500031,128.8000031,131.3000031,4325400
13-01-2025,128.8500061,128.8500061,130.1300049,128.0829926,128.5850067,3510600
14-01-2025,127.5999985,127.5999985,131.1000061,127.1699982,129.8200073,3998900
15-01-2025,132.5200043,132.5200043,133.1499939,130.1600037,130.1900024,3732900
16-01-2025,132.1600037,132.1600037,132.9499969,129.8200073,132,2904800
17-01-2025,135.1199951,135.1199951,135.6199951,132.6900024,134.1699982,3751200
21-01-2025,133.0700073,133.0700073,135.6399994,131.2400055,135.4700012,5396800
22-01-2025,132.5,132.5,135,132.3399963,133,5028500
23-01-2025,133.2400055,133.2400055,133.6399994,131.7749939,132.3999939,3967800
24-01-2025,127.0899963,127.0899963,132.7200012,126.7200012,132.6100006,6966900
27-01-2025,128.9600067,128.9600067,129.0599976,125.6399994,125.9400024,4807000
28-01-2025,131.0500031,131.0500031,131.4199982,126.8600006,128.6699982,5929900
29-01-2025,132.5800018,132.5800018,134.0500031,130.8899994,131.4199982,3627500
30-01-2025,131.7899933,131.7899933,134.3710022,130.8500061,133.5599976,2440500
31-01-2025,131.1699982,131.1699982,134.4499969,130.5700073,132.2799988,3046700
03-02-2025,129.7799988,129.7799988,130.9550018,127.5149994,129.1900024,2745000
04-02-2025,130.7400055,130.7400055,131.4900055,129.0800018,129.5800018,2687200
05-02-2025,129.6000061,129.6000061,130.3399963,128.1000061,130.2700043,3000700
06-02-2025,132.5700073,132.5700073,133.1900024,130.1499939,130.1600037,3704400
07-02-2025,134.9799957,134.9799957,139.5,133.9060059,134.6999969,5933200
10-02-2025,135.2400055,135.2400055,136.3600006,133.1600037,136.3000031,4760100
11-02-2025,134.5200043,134.5200043,136.25,134.0899963,134.9100037,4043000
12-02-2025,140.5200043,140.5200043,141.1999969,132.7899933,133.0700073,6147200
13-02-2025,141.0399933,141.0399933,141.9400024,138.7599945,139.6399994,12745300
14-02-2025,161.4199982,161.4199982,163.9299927,156.9299927,158.1849976,21649300
18-02-2025,160.6000061,160.6000061,162.576004,158.0700073,161.0399933,8144500
19-02-2025,157.9799957,157.9799957,160,155.2100067,160,6906100
20-02-2025,155.3099976,155.3099976,157.75,152.4700012,156.3200073,5099700
21-02-2025,146.0700073,146.0700073,154.5650024,145.75,154.5650024,7356400
24-02-2025,144.8200073,144.8200073,147.0700073,143.8800049,147,4478900
25-02-2025,141.5500031,141.5500031,145.1600037,140.3999939,144.7850037,6189200
26-02-2025,144.0299988,144.0299988,145.1300049,142.2200012,143.1600037,2909400
27-02-2025,139.4499969,139.4499969,145.6900024,139.0500031,144.6300049,4411800
28-02-2025,138.8699951,138.8699951,140.1600037,137.5899963,139.5,6253100
03-03-2025,140.9799957,140.9799957,144.75,139.901001,140.3399963,6688900
04-03-2025,141.4199982,141.4199982,143.2299957,137.8200073,139.9949951,4799500
05-03-2025,142.5800018,142.5800018,142.7899933,139.2100067,141.8699951,3881600
06-03-2025,134.7700043,134.7700043,140.3249969,134.6100006,140.3249969,5924300
07-03-2025,134.3899994,134.3899994,134.7299957,130.3699951,134.7100067,5616600
10-03-2025,132.1499939,132.1499939,135.9400024,130.1999969,134.5700073,7493000
11-03-2025,125.4400024,125.4400024,130.7689972,123.6999969,129.9799957,9318400
12-03-2025,126.5500031,126.5500031,127.4800034,123.5309982,127,4834100
13-03-2025,119.3799973,119.3799973,126.2200012,119.1500015,124.9899979,7669700
14-03-2025,122.8600006,122.8600006,124.4499969,121.5699997,121.8799973,4418200
17-03-2025,126.9400024,126.9400024,128,123.75,123.9000015,5266200
18-03-2025,124.5599976,124.5599976,126.0699997,123,126,3918000
19-03-2025,126,126,127.0800018,124.1200027,125.0999985,4353100
20-03-2025,126.1500015,126.1500015,127.7699966,124.3600006,124.6999969,3260600
21-03-2025,128.8000031,128.8000031,129.25,123.3000031,124.6549988,8704200
24-03-2025,129.8200073,129.8200073,130.7200012,128.6900024,130.2449951,3706200
25-03-2025,129.8800049,129.8800049,130.7599945,128.5500031,129.5500031,4362900
26-03-2025,128.6399994,128.6399994,131,127.8499985,129.9700012,3502100
27-03-2025,125.6500015,125.6500015,127.0899963,123.4300003,126.0149994,4904500
28-03-2025,120.6900024,120.6900024,125.5400009,119.9400024,125.5400009,3997100
31-03-2025,119.4599991,119.4599991,119.9499969,115.6800003,118.8099976,7090000
01-04-2025,121.1800003,121.1800003,121.3499985,117.8000031,119.6699982,3916400
02-04-2025,122.8000031,122.8000031,124.5899963,119.0800018,119.4800034,5184800
03-04-2025,113.9700012,113.9700012,117.1800003,111.8000031,116.6200027,7950600
04-04-2025,106.6600037,106.6600037,110.4199982,104.7300034,109.2600021,10259900
07-04-2025,106.3000031,106.3000031,110.9100037,99.87999725,103.0100021,9975600
08-04-2025,105.6900024,105.6900024,112.9700012,104.1500015,110.7399979,7661500
09-04-2025,121.3199997,121.3199997,123.2949982,105.3899994,105.7300034,12840700
10-04-2025,113.9100037,113.9100037,118.5,110.0599976,117.6100006,6929600
11-04-2025,114.5400009,114.5400009,115.4300003,111.5899963,113.8700027,4817300
14-04-2025,113.2200012,113.2200012,118.2900009,112.5500031,117.3000031,4338000
15-04-2025,114.6399994,114.6399994,115.7099991,113.5199966,114.2249985,5182400
16-04-2025,112.6399994,112.6399994,115.6200027,111.0299988,113.5800018,5026300
17-04-2025,112.6999969,112.6999969,114,111.8600006,113.75,4454600
21-04-2025,111.6100006,111.6100006,113.4000015,109.7900009,111.3199997,5695000
22-04-2025,114.9100037,114.9100037,115.8000031,112.0500031,112.5899963,4827200
23-04-2025,118.2799988,118.2799988,122.3199997,116.7200012,119.6999969,5183400
24-04-2025,121.7099991,121.7099991,121.8899994,118,118.8600006,3690300
25-04-2025,122.5100021,122.5100021,123.0899963,120.8300018,121.4300003,2905000
28-04-2025,123.3000031,123.3000031,125.2300034,122.1100006,122.5100021,5608800
29-04-2025,125.4899979,125.4899979,125.9899979,123.1600037,123.2799988,6525400
30-04-2025,121.9199982,121.9199982,122.25,118.0500031,121.0550003,7534200
01-05-2025,124.0100021,124.0100021,125.0800018,121.9000015,121.9199982,9431800
02-05-2025,125.2600021,125.2600021,126.5599976,120.1340027,121.0999985,11301600
05-05-2025,124.8899994,124.8899994,127.5899963,122.3000031,123.3550034,6761400
06-05-2025,121.6699982,121.6699982,124.5,121.5699997,123.1449966,5229300
07-05-2025,123.1200027,123.1200027,123.6500015,120.4100037,121.3349991,3423600
08-05-2025,126.3899994,126.3899994,127.6299973,123.6200027,124.625,3819900
09-05-2025,127.0400009,127.0400009,127.3300018,123.4000015,124.9599991,6145200
12-05-2025,134.2100067,134.2100067,134.8500061,132.1399994,133.1600037,7198300
13-05-2025,138.0500031,138.0500031,138.5299988,133.75,134.6199951,6890700
14-05-2025,137.4499969,137.4499969,139.8350067,137.1000061,138.3500061,6148700
15-05-2025,136.7899933,136.7899933,137.7799988,135.2700043,137.0800018,3463300
16-05-2025,138,138,138.4499969,136.2100067,137.5500031,3690200
19-05-2025,136.6000061,136.6000061,137.3699951,135.0299988,135.3099976,4904700
20-05-2025,132.1300049,132.1300049,134.6000061,131.3899994,133.7550049,6607900
21-05-2025,127.5199966,127.5199966,130.7899933,126.9700012,130.6799927,6687400
22-05-2025,127.6500015,127.6500015,128.3289948,125.9400024,126.7900009,6451800
23-05-2025,126.7200012,126.7200012,127.375,125,125.0899963,4371500
27-05-2025,129.3999939,129.3999939,130.3999939,128.3450012,128.6799927,7243800
28-05-2025,128.6699982,128.6699982,129.5500031,127.6650009,129.4499969,4752200
29-05-2025,128.3600006,128.3600006,130,126.9599991,130,4680600
30-05-2025,129,129,129.25,125,125.5,9562900
02-06-2025,129.6199951,129.6199951,129.7700043,127.9850006,128.8500061,5223100
03-06-2025,132.8999939,132.8999939,133.4900055,128.9499969,129.5,5809300
04-06-2025,133.5099945,133.5099945,134.8549957,131.6399994,132.2799988,4501000
05-06-2025,137.2899933,137.2899933,137.8029938,133.5,133.5,5858000
06-06-2025,140.6399994,140.6399994,143.8800049,138.9499969,139.1799927,9053500
09-06-2025,139.0099945,139.0099945,141.526001,138.3399963,141.4700012,3990000
10-06-2025,138.5599976,138.5599976,140.6049957,138.1349945,139.2200012,4138000
11-06-2025,138.0599976,138.0599976,140.3699951,137.1150055,140.2400055,4020200
12-06-2025,138.8099976,138.8099976,139.4049988,136.6999969,137.1300049,3461000
13-06-2025,135.5399933,135.5399933,136.6300049,134.6799927,136.0800018,5090900
16-06-2025,137.2100067,137.2100067,139.2899933,136.8300018,138.5599976,3406800
17-06-2025,133.3699951,133.3699951,136.1600037,132.8899994,136.0899963,4773800
18-06-2025,132.1699982,132.1699982,133.8150024,131.6900024,132.7100067,3702500
20-06-2025,131.7299957,131.7299957,132.6399994,131.3899994,132,7968000
23-06-2025,130.5299988,130.5299988,131.5299988,127.0400009,131.5299988,4250200
24-06-2025,132.1499939,132.1499939,132.7250061,130.3600006,131.9199982,5045600
25-06-2025,129.6699982,129.6699982,133.0299988,128.7700043,132.8000031,3765600
26-06-2025,133.7200012,133.7200012,134.1799927,128.3150024,130.3300018,5138300
27-06-2025,134.5200043,134.5200043,134.5800018,132.1000061,134.0099945,4930600
30-06-2025,132.3399963,132.3399963,135.0599976,131.9450073,135.0599976,3665900
01-07-2025,135.4100037,135.4100037,136.6900024,132.1199951,132.2250061,3919600
02-07-2025,135.3899994,135.3899994,136.0899963,134.3899994,135.2200012,2668000
03-07-2025,136.4900055,136.4900055,138.1900024,136.2299957,136.2700043,2628600
07-07-2025,137,137,137.6300049,135.1999969,135.8600006,3550400
08-07-2025,136.9900055,136.9900055,138.5500031,136.5500031,137.5,3144500
09-07-2025,136.8500061,136.8500061,138.2700043,136.5,137.4499969,4311200
10-07-2025,137,137,138.4149933,136.0500031,137.0549927,4933600
11-07-2025,135.3500061,135.3500061,137,135.1999969,136.1199951,3123600
14-07-2025,138.5700073,138.5700073,139.4680023,134.6999969,135,4575000
15-07-2025,136.5399933,136.5399933,140.1399994,136.4799957,139.4600067,3315600
16-07-2025,136.7100067,136.7100067,137.1499939,135.4199982,136.9400024,3319300
17-07-2025,139.3000031,139.3000031,139.5700073,137.2599945,137.5800018,3495900
18-07-2025,139.3399963,139.3399963,140.7400055,138.9199982,139.9900055,2983100
21-07-2025,138.0700073,138.0700073,139.8000031,137.9600067,139.3200073,2697600
22-07-2025,139.4299927,139.4299927,140.0200043,136.8600006,138.6399994,2787200
23-07-2025,139.8300018,139.8300018,140.9299927,138.1000061,139.6199951,3003800
24-07-2025,141.6199951,141.6199951,142.6300049,138.8200073,139.4600067,3067400
25-07-2025,141.3099976,141.3099976,142.5299988,141.1799927,142.4600067,2499200
28-07-2025,142.1600037,142.1600037,143.3000031,141.0200043,141.3000031,2808600
29-07-2025,136.8399963,136.8399963,143.0899963,136.3800049,142.1699982,4143400
30-07-2025,134.75,134.75,136.5249939,133.9199982,135.8999939,3502200
31-07-2025,132.4100037,132.4100037,135.8000031,132.1199951,134.75,3876500
01-08-2025,128.0200043,128.0200043,130.3600006,126.9199982,130.0399933,5100400
04-08-2025,130.9600067,130.9600067,131.1300049,128.8300018,129.1000061,5277200
05-08-2025,129.9600067,129.9600067,132.1600037,129.2799988,131.1199951,7680000
06-08-2025,130.5,130.5,131.2899933,128.3000031,130.6750031,11212800
07-08-2025,120.0299988,120.0299988,123.3899994,117.2799988,120.3799973,17502100
08-08-2025,121.0199966,121.0199966,122,119.3000031,120.5699997,5791300
11-08-2025,118.3000031,118.3000031,121.3000031,118.1399994,120.0100021,6577800
12-08-2025,121.6100006,121.6100006,122.1900024,118.1500015,118.9599991,6278900
13-08-2025,124.5500031,124.5500031,124.7679977,121.6999969,122.3000031,6651500
14-08-2025,124.6399994,124.6399994,125.5800018,122.435997,123.4950027,4706500
15-08-2025,125.0999985,125.0999985,126.3450012,124.3300018,125,4309800
18-08-2025,125.4899979,125.4899979,125.8899994,124.4599991,124.625,3985000
19-08-2025,126,126,128.0800018,125.2699966,125.3499985,3739800
20-08-2025,124.9599991,124.9599991,126.5999985,123.8150024,125.0400009,4097900
21-08-2025,126.4300003,126.4300003,126.4899979,124.4700012,124.9599991,3115800
22-08-2025,129.9199982,129.9199982,130.4250031,126.3199997,127.1699982,4563100
25-08-2025,128.1499939,128.1499939,130.0299988,128.0899963,129.4400024,2960500
26-08-2025,126.8899994,126.8899994,128.8000031,126.4000015,127.7149963,4355500
27-08-2025,129.8500061,129.8500061,130.1499939,126.9199982,127,3830600
28-08-2025,130.4600067,130.4600067,130.5899963,128.8200073,130.1900024,3657100
29-08-2025,130.5299988,130.5299988,131.1100006,129.2100067,129.9199982,4159400
02-09-2025,127.5899963,127.5899963,129.2299957,126.4599991,128.4199982,4195500
03-09-2025,124.9000015,124.9000015,127.75,124.4599991,127.4199982,6267200
04-09-2025,125.3700027,125.3700027,125.6500015,123.1800003,124.6500015,6194500
05-09-2025,123.8099976,123.8099976,127.3850021,122.8199997,125.3700027,4327200
08-09-2025,124.6200027,124.6200027,126.0800018,123.0599976,124.2399979,4765200
09-09-2025,123.8099976,123.8099976,124.7799988,123.5999985,124.1200027,3607600
10-09-2025,123.4100037,123.4100037,124.4400024,122.6299973,123.8099976,4772600
11-09-2025,123.0500031,123.0500031,124.5,122.6500015,123.6949997,5241500
12-09-2025,122.5500031,122.5500031,123.4499969,121.8399963,123.0699997,5263900
15-09-2025,120.3700027,120.3700027,122.9800034,119.7600021,122.9100037,7060400
16-09-2025,121.6600037,121.6600037,121.9899979,119.7649994,120.7099991,5072200
17-09-2025,123.1999969,123.1999969,124.4499969,121.5199966,121.9800034,4973300
18-09-2025,125.4700012,125.4700012,125.7200012,123.5999985,123.7399979,4235700
19-09-2025,127.0400009,127.0400009,127.8499985,125.1900024,126.3300018,9144300
22-09-2025,125.4400024,125.4400024,126.6399994,123.3499985,125.6500015,5591100
23-09-2025,123.5,123.5,126.8550034,123.0500031,125.4400024,5634700
24-09-2025,123.0800018,123.0800018,125.5899963,122.0800018,123.5,4060500
25-09-2025,121.75,121.75,122.9100037,121.1179962,122.9100037,3632000
26-09-2025,123.6999969,123.6999969,123.9100037,121.6500015,122.1999969,2899600
29-09-2025,122.9199982,122.9199982,124.5800018,122.8300018,124.4400024,3874700
30-09-2025,121.4199982,121.4199982,123.0800018,120.5199966,122.9000015,3730500
01-10-2025,122.3199997,122.3199997,122.6100006,120.7850037,120.8499985,3443300
02-10-2025,121.4899979,121.4899979,122.5,120.0199966,122.4700012,4562200
03-10-2025,120.2200012,120.2200012,122.25,119.8399963,121.6500015,5911300
06-10-2025,120.3499985,120.3499985,123.1500015,120.0500031,120.7300034,5474300
07-10-2025,119.8499985,119.8499985,121.0999985,119.1399994,120.4899979,4415900
08-10-2025,119.9899979,119.9899979,120.7699966,118.9100037,120.2350006,4407400
09-10-2025,120.1500015,120.1500015,121.4179993,119.5599976,120.4599991,3414800
10-10-2025,118.1900024,118.1900024,120.5800018,116.3199997,120.3000031,5107100
13-10-2025,118.8600006,118.8600006,119.8000031,118.25,118.9100037,3344800
14-10-2025,122.8899994,122.8899994,124.4700012,117.6900024,117.6900024,6171600
15-10-2025,124.2600021,124.2600021,125.875,122.6900024,124.3349991,5677900
16-10-2025,122.8899994,122.8899994,126.9700012,122.0449982,124.2600021,5254200
17-10-2025,125.9100037,125.9100037,126.4000015,122.8050003,123.0650024,4479100
20-10-2025,127.2099991,127.2099991,128.5,125.7900009,126.1100006,3976900
21-10-2025,128.5599976,128.5599976,129.5,126.6750031,126.8700027,3331500
22-10-2025,127.5,127.5,128.9649963,127.3099976,128.5200043,3292700
23-10-2025,127.3499985,127.3499985,128.8000031,126.7399979,127.5299988,3239400
24-10-2025,127.9899979,127.9899979,129.0599976,127.3499985,127.6500015,3344300
27-10-2025,129.0700073,129.0700073,129.5399933,126.3799973,128.2299957,3839000
28-10-2025,128.0099945,128.0099945,130.0500031,127.6699982,129.5899963,4463200
29-10-2025,126.4800034,126.4800034,128.6799927,125.4649963,127.8700027,5102900
30-10-2025,126.3399963,126.3399963,128.2749939,125.2600021,125.4700012,4013400
31-10-2025,126.5400009,126.5400009,127.1500015,125.2600021,126.1800003,3481600
03-11-2025,126.8000031,126.8000031,127.3249969,124.6200027,126.4599991,4053800
04-11-2025,122.3499985,122.3499985,125.9899979,121.9300003,125.5,5967300
05-11-2025,122.5,122.5,124.0899963,121.5999985,122,4580400
06-11-2025,120.5299988,120.5299988,123.3899994,119.8199997,122.3799973,9853400
07-11-2025,120.8799973,120.8799973,125.7600021,117.1470032,125.4950027,11756000
10-11-2025,120.1999969,120.1999969,122.8300018,119.7799988,121.9400024,7481700
11-11-2025,122.5299988,122.5299988,123.4589996,120,120.2799988,4424700
12-11-2025,121.6900024,121.6900024,122.8499985,120.7050018,122.6600037,3713600
13-11-2025,121.1900024,121.1900024,123.4000015,121,121.5049973,3716000
14-11-2025,122.0199966,122.0199966,122.75,119.6039963,120.9199982,4119700
17-11-2025,117.5999985,117.5999985,121.3300018,116.7009964,120.7399979,5187100
18-11-2025,115.4199982,115.4199982,118.5400009,115.3899994,116.5899963,5547200
19-11-2025,114.4400024,114.4400024,115.9100037,114.0749969,115.5,4516100
20-11-2025,111.5400009,111.5400009,115.1399994,110.8099976,114.5100021,7206700
21-11-2025,114.2600021,114.2600021,115.6900024,111.8399963,112.1699982,6865800
24-11-2025,114.4100037,114.4100037,115.0500031,113.3799973,114.6650009,6476400
25-11-2025,118.5599976,118.5599976,119.2399979,114.4649963,114.4649963,7731100
26-11-2025,116.7399979,116.7399979,118.0400009,116.4000015,117.9899979,5112200
28-11-2025,116.9899979,116.9899979,117.7900009,116.4000015,116.7549973,2522300
01-12-2025,118.8000031,118.8000031,119.6200027,115.6449966,116,4713200
02-12-2025,118.5,118.5,120.0910034,117.3700027,118.6500015,6681500
03-12-2025,120.1299973,120.1299973,120.7229996,117.6299973,118.2600021,5485500
04-12-2025,120.8199997,120.8199997,121,119.2200012,120.1500015,4024100
05-12-2025,124.3199997,124.3199997,124.8099976,120.4000015,120.9199982,3962300
08-12-2025,122.0100021,122.0100021,124.2149963,120.9150009,124.2149963,4030300
09-12-2025,125.3899994,125.3899994,125.8099976,121.1539993,121.6100006,3608600
10-12-2025,127.5699997,127.5699997,128.8300018,124.4599991,125.4499969,4731200
11-12-2025,128,128,129.6100006,126.9700012,127.5999985,5075500
12-12-2025,128.3899994,128.3899994,130.6000061,128.1900024,128.9299927,3581000
15-12-2025,131.8099976,131.8099976,132.25,128.3000031,129.2899933,5518100
16-12-2025,132.0099945,132.0099945,133.048996,131.1699982,132.0299988,4390700
17-12-2025,133.7799988,133.7799988,136.8200073,133.6210022,133.9600067,6158000
18-12-2025,133.9900055,133.9900055,135.4100037,132.9600067,133.3000031,4257800
19-12-2025,135.2799988,135.2799988,137.0500031,133.6100006,134.1499939,10530800
22-12-2025,136.9499969,136.9499969,138.5200043,135.9499969,136.0899963,5568200
23-12-2025,136.4900055,136.4900055,137.2100067,135.5800018,136.6000061,3464800
24-12-2025,136.7799988,136.7799988,137.9900055,135.8099976,136.0099945,1457200
26-12-2025,136.8200073,136.8200073,137.2109985,136.1499939,136.7299957,1776000
29-12-2025,136.6199951,136.6199951,137.1600037,136.1600037,136.5,2773100
30-12-2025,136.9100037,136.9100037,137.4199982,135.8899994,135.8899994,2406200
31-12-2025,135.7200012,135.7200012,137.5800018,135.5650024,136.6199951,2188100
02-01-2026,133.0099945,133.0099945,136.1100006,132.3399963,135.9400024,3863100
